date_time,sunHour,uvIndex,DewPointC,HeatIndexC,WindGustKmph,cloudcover,humidity,precipMM,pressure,tempC,visibility,winddirDegree,windspeedKmph,Month,Solar Zenith Angle,EHI,GHI
2010-01-01 08:00,6.9,1,0,1,10,61,94,0.0,1013,0,7,277,7,1,84.52,1412.1043163185625,33.0
2010-01-01 09:00,6.9,1,0,1,10,62,93,0.0,1013,1,10,293,8,1,76.15,1412.1043163185625,92.0
2010-01-01 10:00,6.9,1,1,2,9,57,92,0.0,1012,2,10,308,7,1,69.53,1412.1043163185625,148.0
2010-01-01 11:00,6.9,1,2,3,8,53,91,0.0,1012,3,10,323,6,1,65.25,1412.1043163185625,168.0
2010-01-01 12:00,6.9,1,3,4,7,49,89,0.0,1011,4,10,338,5,1,63.77,1412.1043163185625,329.0
2010-01-01 13:00,6.9,1,2,4,10,51,91,0.0,1010,3,7,334,7,1,65.31,1412.1043163185625,258.0
2010-01-01 14:00,6.9,1,2,3,14,54,93,0.0,1009,3,5,330,8,1,69.66,1412.1043163185625,219.0
2010-01-01 15:00,6.9,1,2,3,17,56,95,0.0,1008,3,2,327,10,1,76.32000000000002,1412.1043163185625,97.0
2010-01-01 16:00,6.9,1,2,3,17,57,94,0.0,1009,2,2,327,10,1,84.72,1412.1043163185625,28.0
2010-01-02 08:00,3.5,2,-6,-3,42,51,84,0.0,1005,-3,5,311,29,1,84.52,1412.0842672547687,59.0
2010-01-02 09:00,3.5,2,-6,-4,43,61,82,0.0,1005,-4,2,310,32,1,76.13,1412.0842672547687,205.0
2010-01-02 10:00,3.5,2,-6,-3,41,67,81,0.0,1005,-3,5,310,31,1,69.5,1412.0842672547687,190.0
2010-01-02 11:00,3.5,2,-6,-3,39,74,79,0.0,1004,-3,7,309,30,1,65.18,1412.0842672547687,175.0
2010-01-02 12:00,3.5,2,-7,-3,38,80,78,0.0,1004,-3,10,309,30,1,63.68,1412.0842672547687,217.0
2010-01-02 13:00,3.5,2,-7,-4,42,77,78,0.0,1004,-4,10,309,32,1,65.2,1412.0842672547687,236.0
2010-01-02 14:00,3.5,2,-8,-5,46,73,77,0.0,1005,-5,10,310,35,1,69.53,1412.0842672547687,230.0
2010-01-02 15:00,3.5,2,-9,-5,50,70,77,0.0,1005,-5,10,310,37,1,76.19,1412.0842672547687,61.0
2010-01-02 16:00,3.5,2,-9,-6,48,72,77,0.0,1006,-6,10,308,35,1,84.59,1412.0842672547687,18.0
2010-01-03 08:00,7.0,2,-12,-8,54,75,74,0.0,999,-8,10,297,41,1,84.52,1412.0508587495895,38.0
2010-01-03 09:00,7.0,2,-12,-8,59,81,74,0.0,1000,-8,10,297,46,1,76.11,1412.0508587495895,169.0
2010-01-03 10:00,7.0,2,-11,-7,53,72,72,0.0,999,-7,10,300,42,1,69.45,1412.0508587495895,120.0
2010-01-03 11:00,7.0,2,-11,-6,48,62,71,0.0,999,-6,10,304,39,1,65.11,1412.0508587495895,300.0
2010-01-03 12:00,7.0,2,-10,-6,42,52,69,0.0,999,-6,10,307,36,1,63.59,1412.0508587495895,298.0
2010-01-03 13:00,7.0,2,-10,-6,45,51,70,0.0,1000,-6,10,307,37,1,65.08,1412.0508587495895,220.0
2010-01-03 14:00,7.0,2,-11,-6,49,50,70,0.0,1000,-6,10,306,38,1,69.4,1412.0508587495895,262.0
2010-01-03 15:00,7.0,2,-11,-6,52,49,71,0.0,1001,-6,10,306,39,1,76.05,1412.0508587495895,38.0
2010-01-03 16:00,7.0,2,-10,-6,50,46,74,0.0,1002,-6,10,307,36,1,84.44,1412.0508587495895,12.0
2010-01-04 08:00,7.0,2,-8,-6,31,37,81,0.0,1007,-6,10,307,22,1,84.51,1412.0041007026853,35.0
2010-01-04 09:00,7.0,2,-8,-5,32,41,79,0.0,1007,-5,10,309,24,1,76.08,1412.0041007026853,218.0
2010-01-04 10:00,7.0,2,-7,-4,30,36,77,0.0,1007,-4,10,306,23,1,69.4,1412.0041007026853,347.0
2010-01-04 11:00,7.0,2,-7,-3,29,31,75,0.0,1006,-3,10,302,22,1,65.03,1412.0041007026853,431.0
2010-01-04 12:00,7.0,2,-6,-2,27,26,73,0.0,1005,-2,10,298,21,1,63.48,1412.0041007026853,460.0
2010-01-04 13:00,7.0,2,-6,-2,30,44,76,0.0,1006,-2,10,300,22,1,64.96000000000001,1412.0041007026853,425.0
2010-01-04 14:00,7.0,2,-6,-3,33,62,78,0.0,1006,-3,10,302,23,1,69.26,1412.0041007026853,342.0
2010-01-04 15:00,7.0,2,-6,-3,36,81,81,0.0,1007,-3,10,304,24,1,75.9,1412.0041007026853,136.0
2010-01-04 16:00,7.0,2,-7,-4,35,58,80,0.0,1007,-4,10,305,23,1,84.29,1412.0041007026853,45.0
2010-01-05 08:00,8.7,2,-9,-5,27,20,74,0.0,1008,-5,10,307,20,1,84.5,1411.944006969475,71.0
2010-01-05 09:00,8.7,2,-9,-4,30,19,70,0.0,1008,-4,10,306,23,1,76.05,1411.944006969475,224.0
2010-01-05 10:00,8.7,2,-8,-3,29,20,68,0.0,1007,-3,10,306,23,1,69.34,1411.944006969475,354.0
2010-01-05 11:00,8.7,2,-8,-2,28,20,66,0.0,1007,-2,10,306,22,1,64.95,1411.944006969475,438.0
2010-01-05 12:00,8.7,2,-7,-1,27,21,65,0.0,1006,-1,10,307,21,1,63.37000000000001,1411.944006969475,467.0
2010-01-05 13:00,8.7,2,-7,-2,30,33,68,0.0,1006,-2,10,307,22,1,64.83,1411.944006969475,439.0
2010-01-05 14:00,8.7,2,-7,-2,32,46,70,0.0,1006,-2,10,307,23,1,69.12,1411.944006969475,354.0
2010-01-05 15:00,8.7,2,-7,-3,35,58,73,0.0,1006,-2,10,307,24,1,75.75,1411.944006969475,226.0
2010-01-05 16:00,8.7,2,-7,-3,33,63,74,0.0,1006,-3,10,305,22,1,84.14,1411.944006969475,76.0
2010-01-06 08:00,7.0,2,-8,-3,28,43,72,0.0,1007,-3,10,314,21,1,84.48,1411.8705953570284,70.0
2010-01-06 09:00,7.0,2,-8,-3,29,50,68,0.0,1007,-3,10,313,23,1,76.01,1411.8705953570284,223.0
2010-01-06 10:00,7.0,2,-7,-2,28,47,66,0.0,1007,-2,10,311,22,1,69.27,1411.8705953570284,356.0
2010-01-06 11:00,7.0,2,-7,-1,28,45,64,0.0,1006,-1,10,309,22,1,64.85,1411.8705953570284,443.0
2010-01-06 12:00,7.0,2,-7,0,27,42,61,0.0,1006,0,10,308,21,1,63.25,1411.8705953570284,473.0
2010-01-06 13:00,7.0,2,-6,0,30,52,65,0.0,1006,0,10,308,22,1,64.69,1411.8705953570284,445.0
2010-01-06 14:00,7.0,2,-6,-1,33,62,69,0.0,1007,-1,10,308,23,1,68.97,1411.8705953570284,361.0
2010-01-06 15:00,7.0,2,-6,-1,36,73,73,0.0,1007,-1,10,308,24,1,75.59,1411.8705953570284,231.0
2010-01-06 16:00,7.0,2,-6,-2,36,66,74,0.0,1007,-2,10,306,24,1,83.98,1411.8705953570284,79.0
2010-01-07 08:00,8.7,2,-4,0,32,29,75,0.0,1012,0,10,300,22,1,84.45,1411.7838876187911,70.0
2010-01-07 09:00,8.7,2,-4,1,33,22,70,0.0,1013,1,10,304,24,1,75.96000000000002,1411.7838876187911,220.0
2010-01-07 10:00,8.7,2,-4,1,30,19,67,0.0,1012,1,10,304,23,1,69.2,1411.7838876187911,350.0
2010-01-07 11:00,8.7,2,-4,2,28,15,65,0.0,1012,2,10,305,21,1,64.75,1411.7838876187911,437.0
2010-01-07 12:00,8.7,2,-4,3,25,12,63,0.0,1012,3,10,306,19,1,63.13,1411.7838876187911,467.0
2010-01-07 13:00,8.7,2,-3,2,26,13,66,0.0,1012,2,10,299,19,1,64.55,1411.7838876187911,440.0
2010-01-07 14:00,8.7,2,-3,2,26,14,70,0.0,1012,2,10,292,18,1,68.81,1411.7838876187911,356.0
2010-01-07 15:00,8.7,2,-3,1,27,15,74,0.0,1012,1,10,285,17,1,75.43,1411.7838876187911,228.0
2010-01-07 16:00,8.7,2,-3,1,25,14,77,0.0,1012,1,10,292,15,1,83.82000000000002,1411.7838876187911,78.0
2010-01-08 08:00,3.5,1,-3,-1,16,100,86,0.0,1007,-1,10,272,12,1,84.41,1411.6839094481368,15.0
2010-01-08 09:00,3.5,1,-3,-1,17,100,83,0.0,1007,-1,10,281,13,1,75.9,1411.6839094481368,55.0
2010-01-08 10:00,3.5,1,-3,0,17,100,82,0.0,1006,0,10,283,13,1,69.12,1411.6839094481368,190.0
2010-01-08 11:00,3.5,1,-3,0,18,100,80,0.0,1006,0,10,285,13,1,64.64,1411.6839094481368,321.0
2010-01-08 12:00,3.5,1,-3,0,18,100,79,0.0,1005,0,10,287,14,1,62.99,1411.6839094481368,115.0
2010-01-08 13:00,3.5,1,-3,0,23,100,79,0.0,1006,0,10,292,17,1,64.39,1411.6839094481368,77.0
2010-01-08 14:00,3.5,1,-3,0,29,100,80,0.0,1007,0,10,296,20,1,68.65,1411.6839094481368,159.0
2010-01-08 15:00,3.5,1,-3,-1,34,100,81,0.0,1007,-1,10,301,23,1,75.27,1411.6839094481368,168.0
2010-01-08 16:00,3.5,1,-5,-2,37,83,80,0.0,1008,-2,10,304,25,1,83.66,1411.6839094481368,81.0
2010-01-09 08:00,8.7,2,-10,-6,28,2,74,0.0,1018,-6,10,326,21,1,84.37,1411.5706904707552,77.0
2010-01-09 09:00,8.7,2,-10,-6,29,0,70,0.0,1018,-6,10,328,23,1,75.84,1411.5706904707552,239.0
2010-01-09 10:00,8.7,2,-10,-4,27,0,66,0.0,1019,-4,10,327,21,1,69.03,1411.5706904707552,381.0
2010-01-09 11:00,8.7,2,-10,-3,24,0,61,0.0,1019,-3,10,325,19,1,64.53,1411.5706904707552,475.0
2010-01-09 12:00,8.7,2,-9,-2,21,0,56,0.0,1019,-2,10,323,17,1,62.85,1411.5706904707552,510.0
2010-01-09 13:00,8.7,2,-9,-2,24,0,59,0.0,1019,-2,10,324,18,1,64.24,1411.5706904707552,482.0
2010-01-09 14:00,8.7,2,-9,-3,26,0,61,0.0,1019,-3,10,324,19,1,68.48,1411.5706904707552,395.0
2010-01-09 15:00,8.7,2,-9,-4,29,0,64,0.0,1019,-4,10,325,19,1,75.10000000000002,1411.5706904707552,259.0
2010-01-09 16:00,8.7,2,-10,-4,28,0,64,0.0,1020,-4,10,327,18,1,83.49,1411.5706904707552,95.0
2010-01-10 08:00,8.7,2,-14,-8,20,8,62,0.0,1024,-8,10,325,15,1,84.33,1411.4442642358727,77.0
2010-01-10 09:00,8.7,2,-14,-8,23,8,58,0.0,1024,-7,10,330,18,1,75.77,1411.4442642358727,235.0
2010-01-10 10:00,8.7,2,-14,-6,20,8,55,0.0,1024,-6,10,326,16,1,68.93,1411.4442642358727,369.0
2010-01-10 11:00,8.7,2,-13,-4,18,9,51,0.0,1024,-5,10,322,15,1,64.4,1411.4442642358727,458.0
2010-01-10 12:00,8.7,2,-12,-3,16,9,48,0.0,1024,-3,10,318,14,1,62.71,1411.4442642358727,490.0
2010-01-10 13:00,8.7,2,-11,-3,18,8,52,0.0,1024,-3,10,315,14,1,64.07000000000001,1411.4442642358727,463.0
2010-01-10 14:00,8.7,2,-11,-3,20,6,56,0.0,1023,-3,10,312,14,1,68.31,1411.4442642358727,379.0
2010-01-10 15:00,8.7,2,-10,-3,22,5,60,0.0,1023,-4,10,308,15,1,74.92,1411.4442642358727,249.0
2010-01-10 16:00,8.7,2,-10,-4,21,6,62,0.0,1023,-4,10,307,14,1,83.31,1411.4442642358727,69.0
2010-01-11 08:00,8.7,2,-9,-5,18,18,73,0.0,1022,-5,10,284,14,1,84.27,1411.3046682063114,72.0
2010-01-11 09:00,8.7,2,-10,-4,21,25,66,0.0,1022,-4,10,282,16,1,75.69,1411.3046682063114,227.0
2010-01-11 10:00,8.7,2,-10,-3,18,33,61,0.0,1021,-3,10,282,14,1,68.83,1411.3046682063114,362.0
2010-01-11 11:00,8.7,2,-10,-2,15,40,55,0.0,1021,-2,10,282,12,1,64.27,1411.3046682063114,297.0
2010-01-11 12:00,8.7,2,-10,-1,13,48,50,0.0,1020,-1,10,282,10,1,62.55,1411.3046682063114,377.0
2010-01-11 13:00,8.7,2,-9,-1,16,48,52,0.0,1019,-1,10,273,12,1,63.9,1411.3046682063114,294.0
2010-01-11 14:00,8.7,2,-9,-1,20,47,54,0.0,1019,-1,10,264,13,1,68.13,1411.3046682063114,233.0
2010-01-11 15:00,8.7,2,-9,-1,24,46,56,0.0,1019,-1,10,255,15,1,74.74,1411.3046682063114,137.0
2010-01-11 16:00,8.7,2,-8,-2,21,50,60,0.0,1019,-2,10,255,13,1,83.14,1411.3046682063114,47.0
2010-01-12 08:00,8.7,2,-6,-2,22,56,78,0.0,1018,-3,10,309,15,1,84.21000000000002,1411.1519437473876,64.0
2010-01-12 09:00,8.7,2,-6,-2,25,57,72,0.0,1018,-1,10,312,19,1,75.61,1411.1519437473876,208.0
2010-01-12 10:00,8.7,2,-6,-1,25,55,69,0.0,1018,-1,10,309,19,1,68.72,1411.1519437473876,342.0
2010-01-12 11:00,8.7,2,-5,0,25,53,66,0.0,1017,0,10,306,19,1,64.14,1411.1519437473876,431.0
2010-01-12 12:00,8.7,2,-5,1,26,51,62,0.0,1017,1,10,304,20,1,62.39,1411.1519437473876,467.0
2010-01-12 13:00,8.7,2,-5,0,30,44,65,0.0,1016,0,10,306,22,1,63.72,1411.1519437473876,448.0
2010-01-12 14:00,8.7,2,-5,0,35,37,68,0.0,1016,0,10,309,24,1,67.94,1411.1519437473876,372.0
2010-01-12 15:00,8.7,2,-6,-1,39,30,70,0.0,1016,-1,10,311,26,1,74.55,1411.1519437473876,249.0
2010-01-12 16:00,8.7,2,-6,-2,38,21,72,0.0,1017,-2,10,314,24,1,82.95,1411.1519437473876,94.0
2010-01-13 08:00,8.7,2,-9,-3,26,35,65,0.0,1023,-3,10,309,19,1,84.14,1410.9861361146543,7.0
2010-01-13 09:00,8.7,2,-9,-2,26,29,62,0.0,1023,-2,10,309,20,1,75.52,1410.9861361146543,88.0
2010-01-13 10:00,8.7,2,-8,-1,23,23,60,0.0,1023,-1,10,304,18,1,68.60000000000001,1410.9861361146543,131.0
2010-01-13 11:00,8.7,2,-7,0,19,16,59,0.0,1022,0,10,299,16,1,63.99,1410.9861361146543,164.0
2010-01-13 12:00,8.7,2,-7,1,16,10,57,0.0,1022,1,10,294,14,1,62.22,1410.9861361146543,253.0
2010-01-13 13:00,8.7,2,-6,1,15,11,61,0.0,1021,0,10,294,12,1,63.54,1410.9861361146543,153.0
2010-01-13 14:00,8.7,2,-5,1,13,12,65,0.0,1021,0,10,294,10,1,67.75,1410.9861361146543,238.0
2010-01-13 15:00,8.7,2,-4,1,12,14,70,0.0,1021,0,10,294,8,1,74.36,1410.9861361146543,193.0
2010-01-13 16:00,8.7,2,-4,1,13,16,72,0.0,1021,0,10,275,8,1,82.77,1410.9861361146543,74.0
2010-01-14 08:00,8.7,2,-1,3,7,1,76,0.0,1025,0,10,275,5,1,84.07000000000002,1410.8072944404917,68.0
2010-01-14 09:00,8.7,2,0,5,4,0,70,0.0,1025,1,10,251,4,1,75.42,1410.8072944404917,215.0
2010-01-14 10:00,8.7,2,0,6,3,1,66,0.0,1025,2,10,238,3,1,68.48,1410.8072944404917,348.0
2010-01-14 11:00,8.7,2,0,7,3,1,62,0.0,1024,3,10,224,2,1,63.84,1410.8072944404917,436.0
2010-01-14 12:00,8.7,2,0,8,2,2,58,0.0,1024,4,10,211,2,1,62.05,1410.8072944404917,469.0
2010-01-14 13:00,8.7,2,0,7,4,1,62,0.0,1024,3,10,204,4,1,63.35,1410.8072944404917,444.0
2010-01-14 14:00,8.7,2,0,6,7,1,65,0.0,1024,2,10,196,6,1,67.56,1410.8072944404917,364.0
2010-01-14 15:00,8.7,2,-1,5,9,0,69,0.0,1024,2,10,189,8,1,74.17,1410.8072944404917,239.0
2010-01-14 16:00,8.7,2,-1,4,12,0,74,0.0,1024,1,10,190,9,1,82.58,1410.8072944404917,92.0
2010-01-15 08:00,5.2,2,-1,3,29,33,77,0.0,1020,3,10,258,17,1,83.99,1410.6154717195475,30.0
2010-01-15 09:00,5.2,2,0,4,29,30,73,0.0,1020,4,10,261,18,1,75.32000000000002,1410.6154717195475,5.0
2010-01-15 10:00,5.2,2,1,5,25,46,74,0.0,1020,5,10,267,16,1,68.35000000000001,1410.6154717195475,21.0
2010-01-15 11:00,5.2,2,2,7,21,61,74,0.0,1019,6,10,273,14,1,63.68,1410.6154717195475,88.0
2010-01-15 12:00,5.2,2,4,8,18,77,74,0.0,1019,8,10,279,12,1,61.87000000000001,1410.6154717195475,164.0
2010-01-15 13:00,5.2,2,4,7,22,74,79,0.0,1019,7,10,281,13,1,63.15,1410.6154717195475,317.0
2010-01-15 14:00,5.2,2,4,6,27,71,84,0.0,1019,6,10,282,15,1,67.36,1410.6154717195475,305.0
2010-01-15 15:00,5.2,2,4,5,31,68,90,0.0,1020,5,10,284,16,1,73.97,1410.6154717195475,168.0
2010-01-15 16:00,5.2,2,3,5,31,60,90,0.0,1020,5,10,299,16,1,82.38,1410.6154717195475,93.0
2010-01-16 08:00,8.7,2,0,3,20,1,81,0.0,1023,2,10,275,14,1,83.9,1410.4107247930342,79.0
2010-01-16 09:00,8.7,2,0,4,22,1,76,0.0,1023,3,10,268,16,1,75.21000000000002,1410.4107247930342,236.0
2010-01-16 10:00,8.7,2,1,5,20,3,75,0.0,1022,5,10,269,15,1,68.21000000000001,1410.4107247930342,373.0
2010-01-16 11:00,8.7,2,2,6,19,5,73,0.0,1021,6,10,271,14,1,63.52,1410.4107247930342,464.0
2010-01-16 12:00,8.7,2,3,8,18,7,72,0.0,1020,7,10,273,13,1,61.68,1410.4107247930342,498.0
2010-01-16 13:00,8.7,2,3,7,20,7,76,0.0,1020,7,10,272,13,1,62.95,1410.4107247930342,470.0
2010-01-16 14:00,8.7,2,3,6,22,8,80,0.0,1020,6,10,272,14,1,67.15,1410.4107247930342,388.0
2010-01-16 15:00,8.7,2,3,6,25,8,84,0.0,1020,5,10,271,14,1,73.77,1410.4107247930342,260.0
2010-01-16 16:00,8.7,2,3,5,21,5,87,0.0,1020,4,10,273,11,1,82.19,1410.4107247930342,97.0
2010-01-17 08:00,3.5,2,1,3,25,53,87,0.0,1019,3,10,83,15,1,83.81,1410.193114331884,31.0
2010-01-17 09:00,3.5,2,1,3,26,70,86,0.0,1019,3,10,87,16,1,75.09,1410.193114331884,84.0
2010-01-17 10:00,3.5,2,1,3,25,80,87,0.0,1018,3,10,84,16,1,68.07000000000001,1410.193114331884,84.0
2010-01-17 11:00,3.5,2,1,3,24,90,88,0.0,1016,3,10,81,15,1,63.35,1410.193114331884,36.0
2010-01-17 12:00,3.5,2,2,3,23,100,90,0.0,1015,3,10,78,15,1,61.48,1410.193114331884,29.0
2010-01-17 13:00,3.5,2,2,3,29,100,92,0.0,1014,3,10,77,18,1,62.74,1410.193114331884,31.0
2010-01-17 14:00,3.5,2,2,3,34,100,93,0.0,1013,3,10,75,21,1,66.94,1410.193114331884,16.0
2010-01-17 15:00,3.5,2,3,3,40,100,95,0.0,1011,3,10,74,25,1,73.56,1410.193114331884,4.0
2010-01-17 16:00,3.5,2,2,3,36,100,95,0.0,1010,3,10,68,23,1,81.99,1410.193114331884,90.0
2010-01-18 08:00,8.7,1,2,4,38,66,88,0.0,1005,4,10,348,26,1,83.71000000000002,1409.9627048187738,77.0
2010-01-18 09:00,8.7,1,2,4,42,49,86,0.0,1007,4,10,353,29,1,74.97,1409.9627048187738,229.0
2010-01-18 10:00,8.7,1,3,5,36,52,85,0.0,1007,5,10,354,25,1,67.92,1409.9627048187738,366.0
2010-01-18 11:00,8.7,1,4,6,30,54,84,0.0,1008,6,10,354,21,1,63.17,1409.9627048187738,457.0
2010-01-18 12:00,8.7,1,5,8,24,57,83,0.0,1008,7,10,355,17,1,61.28,1409.9627048187738,491.0
2010-01-18 13:00,8.7,1,5,7,21,54,85,0.0,1009,7,10,240,15,1,62.53,1409.9627048187738,471.0
2010-01-18 14:00,8.7,1,5,7,19,51,87,0.0,1010,7,10,125,12,1,66.72,1409.9627048187738,391.0
2010-01-18 15:00,8.7,1,5,7,16,48,89,0.0,1010,6,10,9,10,1,73.35000000000002,1409.9627048187738,264.0
2010-01-18 16:00,8.7,1,4,6,14,40,91,0.0,1011,5,7,24,8,1,81.79,1409.9627048187738,112.0
2010-01-19 08:00,5.3,1,4,5,11,80,94,0.0,1013,4,7,216,8,1,83.60000000000002,1409.7195645290149,30.0
2010-01-19 09:00,5.3,1,5,6,14,70,92,0.0,1013,6,10,196,10,1,74.84,1409.7195645290149,119.0
2010-01-19 10:00,5.3,1,5,7,12,58,87,0.0,1012,6,10,220,9,1,67.76,1409.7195645290149,117.0
2010-01-19 11:00,5.3,1,5,7,9,46,83,0.0,1012,7,10,244,7,1,62.98,1409.7195645290149,107.0
2010-01-19 12:00,5.3,1,5,8,7,34,78,0.0,1011,8,10,267,5,1,61.08,1409.7195645290149,100.0
2010-01-19 13:00,5.3,1,4,7,9,56,84,0.0,1011,7,7,262,6,1,62.31,1409.7195645290149,91.0
2010-01-19 14:00,5.3,1,4,6,10,78,89,0.1,1010,6,5,256,6,1,66.5,1409.7195645290149,22.0
2010-01-19 15:00,5.3,1,4,5,12,100,94,0.1,1010,5,2,250,6,1,73.13,1409.7195645290149,70.0
2010-01-19 16:00,5.3,1,4,5,13,92,95,0.0,1010,4,2,270,7,1,81.58,1409.7195645290149,26.0
2010-01-20 08:00,8.7,1,-2,2,25,12,74,0.0,1014,2,10,313,17,1,83.49,1409.463765510322,81.0
2010-01-20 09:00,8.7,1,-2,3,26,12,68,0.0,1014,3,10,320,19,1,74.7,1409.463765510322,238.0
2010-01-20 10:00,8.7,1,-2,4,25,23,66,0.0,1014,4,10,319,19,1,67.59,1409.463765510322,377.0
2010-01-20 11:00,8.7,1,-2,4,24,34,64,0.0,1013,4,10,318,18,1,62.79,1409.463765510322,468.0
2010-01-20 12:00,8.7,1,-2,5,23,45,62,0.0,1013,5,10,317,18,1,60.86,1409.463765510322,501.0
2010-01-20 13:00,8.7,1,-2,5,23,36,65,0.0,1014,4,10,318,17,1,62.08,1409.463765510322,479.0
2010-01-20 14:00,8.7,1,-1,4,23,28,67,0.0,1014,4,10,319,16,1,66.28,1409.463765510322,263.0
2010-01-20 15:00,8.7,1,-1,4,23,20,70,0.0,1014,4,10,320,15,1,72.91,1409.463765510322,124.0
2010-01-20 16:00,8.7,1,-1,3,23,14,75,0.0,1015,3,10,322,14,1,81.37,1409.463765510322,117.0
2010-01-21 08:00,9.9,2,0,4,7,0,72,0.0,1024,1,10,11,6,1,83.37,1409.1953835614654,92.0
2010-01-21 09:00,9.9,2,-1,5,7,0,64,0.0,1024,2,10,15,6,1,74.56,1409.1953835614654,257.0
2010-01-21 10:00,9.9,2,-1,7,5,0,60,0.0,1023,3,10,67,4,1,67.42,1409.1953835614654,397.0
2010-01-21 11:00,9.9,2,-1,8,3,0,55,0.0,1023,4,10,119,3,1,62.59,1409.1953835614654,491.0
2010-01-21 12:00,9.9,2,-1,9,2,0,51,0.0,1022,5,10,171,1,1,60.64,1409.1953835614654,529.0
2010-01-21 13:00,9.9,2,-1,7,3,1,54,0.0,1022,4,10,167,3,1,61.85,1409.1953835614654,505.0
2010-01-21 14:00,9.9,2,-2,6,5,2,58,0.0,1021,3,10,162,5,1,66.05,1409.1953835614654,311.0
2010-01-21 15:00,9.9,2,-2,5,7,2,61,0.0,1021,3,10,158,6,1,72.69,1409.1953835614654,195.0
2010-01-21 16:00,9.9,2,-3,3,9,8,67,0.0,1021,2,10,172,6,1,81.16,1409.1953835614654,87.0
2010-01-21 17:00,9.9,2,-3,2,11,13,73,0.0,1021,1,10,185,6,1,90.9,1409.1953835614654,0.0
2010-01-22 08:00,9.9,2,-4,1,33,33,66,0.0,1014,1,10,31,21,1,83.25,1408.9144982098085,65.0
2010-01-22 09:00,9.9,2,-5,2,34,26,62,0.0,1013,2,10,27,24,1,74.41,1408.9144982098085,158.0
2010-01-22 10:00,9.9,2,-4,3,28,24,59,0.0,1013,3,10,28,19,1,67.25,1408.9144982098085,282.0
2010-01-22 11:00,9.9,2,-4,4,21,23,56,0.0,1013,4,10,30,15,1,62.39,1408.9144982098085,367.0
2010-01-22 12:00,9.9,2,-4,5,15,22,53,0.0,1013,5,10,31,11,1,60.42,1408.9144982098085,388.0
2010-01-22 13:00,9.9,2,-4,4,18,21,55,0.0,1013,4,10,33,12,1,61.62000000000001,1408.9144982098085,351.0
2010-01-22 14:00,9.9,2,-4,4,21,20,57,0.0,1013,3,10,35,14,1,65.81,1408.9144982098085,282.0
2010-01-22 15:00,9.9,2,-4,3,25,18,60,0.0,1014,3,10,37,15,1,72.46000000000002,1408.9144982098085,175.0
2010-01-22 16:00,9.9,2,-3,2,22,14,68,0.0,1014,2,10,30,13,1,80.94,1408.9144982098085,71.0
2010-01-22 17:00,9.9,2,-2,2,20,9,77,0.0,1015,1,10,24,11,1,90.69,1408.9144982098085,0.0
2010-01-23 08:00,9.9,2,-5,1,13,0,62,0.0,1025,-1,10,26,12,1,83.12,1408.6211926877431,100.0
2010-01-23 09:00,9.9,2,-6,2,13,0,54,0.0,1025,0,10,30,11,1,74.25,1408.6211926877431,272.0
2010-01-23 10:00,9.9,2,-6,4,10,0,49,0.0,1025,1,10,40,9,1,67.06,1408.6211926877431,418.0
2010-01-23 11:00,9.9,2,-5,6,7,0,44,0.0,1024,3,10,49,6,1,62.18,1408.6211926877431,515.0
2010-01-23 12:00,9.9,2,-5,8,5,0,39,0.0,1024,4,10,59,4,1,60.18,1408.6211926877431,553.0
2010-01-23 13:00,9.9,2,-5,7,4,0,42,0.0,1024,3,10,76,3,1,61.37000000000001,1408.6211926877431,529.0
2010-01-23 14:00,9.9,2,-5,6,3,0,45,0.0,1024,3,10,93,3,1,65.57000000000001,1408.6211926877431,445.0
2010-01-23 15:00,9.9,2,-4,6,3,0,49,0.0,1023,2,10,110,3,1,72.23,1408.6211926877431,310.0
2010-01-23 16:00,9.9,2,-6,3,6,6,52,0.0,1024,1,10,137,4,1,80.73,1408.6211926877431,141.0
2010-01-23 17:00,9.9,2,-7,1,10,13,55,0.0,1025,0,10,165,5,1,90.48,1408.6211926877431,0.0
2010-01-24 08:00,5.0,2,0,1,20,69,93,0.0,1022,1,10,110,10,1,82.98,1408.3155539080255,24.0
2010-01-24 09:00,5.0,2,1,2,26,94,94,0.0,1022,2,10,128,13,1,74.09,1408.3155539080255,118.0
2010-01-24 10:00,5.0,2,2,2,25,96,95,0.0,1021,2,7,109,13,1,66.87,1408.3155539080255,58.0
2010-01-24 11:00,5.0,2,2,3,23,98,96,0.0,1020,3,5,90,12,1,61.96,1408.3155539080255,65.0
2010-01-24 12:00,5.0,2,3,4,21,100,96,0.0,1019,3,2,70,12,1,59.94,1408.3155539080255,75.0
2010-01-24 13:00,5.0,2,4,4,22,100,97,0.0,1018,4,2,94,12,1,61.13,1408.3155539080255,54.0
2010-01-24 14:00,5.0,2,4,4,22,100,97,0.1,1018,4,2,118,12,1,65.33,1408.3155539080255,9.0
2010-01-24 15:00,5.0,2,4,5,23,100,97,0.1,1017,5,2,142,12,1,72.0,1408.3155539080255,8.0
2010-01-24 16:00,5.0,2,5,5,20,95,97,0.0,1017,5,2,134,10,1,80.51,1408.3155539080255,16.0
2010-01-24 17:00,5.0,2,5,6,18,90,97,0.0,1016,5,2,127,9,1,90.28,1408.3155539080255,0.0
2010-01-25 08:00,6.6,3,11,12,99,100,95,0.2,999,12,5,155,52,1,82.83,1407.9976724380222,4.0
2010-01-25 09:00,6.6,3,12,13,108,100,95,0.2,997,13,2,158,57,1,73.92,1407.9976724380222,4.0
2010-01-25 10:00,6.6,3,12,12,100,100,94,0.1,995,12,5,160,53,1,66.67,1407.9976724380222,6.0
2010-01-25 11:00,6.6,3,11,12,92,100,93,0.0,993,12,7,161,50,1,61.73,1407.9976724380222,53.0
2010-01-25 12:00,6.6,3,11,12,84,100,92,0.0,991,12,10,162,46,1,59.7,1407.9976724380222,42.0
2010-01-25 13:00,6.6,3,11,12,75,97,93,0.0,991,12,7,179,41,1,60.88,1407.9976724380222,12.0
2010-01-25 14:00,6.6,3,12,13,65,93,94,0.1,991,13,5,196,36,1,65.08,1407.9976724380222,26.0
2010-01-25 15:00,6.6,3,12,13,55,90,95,0.1,991,13,2,213,31,1,71.77,1407.9976724380222,99.0
2010-01-25 16:00,6.6,3,11,12,45,63,93,0.1,992,12,5,237,25,1,80.28,1407.9976724380222,130.0
2010-01-25 17:00,6.6,3,10,11,34,37,92,0.0,993,11,7,261,19,1,90.07000000000002,1407.9976724380222,0.0
2010-01-26 08:00,8.3,2,1,4,33,45,80,0.0,1004,4,10,257,22,1,82.68,1407.6676424728735,91.0
2010-01-26 09:00,8.3,2,1,5,37,44,78,0.0,1004,5,10,256,26,1,73.74,1407.6676424728735,252.0
2010-01-26 10:00,8.3,2,1,5,36,58,75,0.0,1004,5,10,258,25,1,66.47,1407.6676424728735,393.0
2010-01-26 11:00,8.3,2,0,5,34,71,73,0.0,1004,5,10,260,24,1,61.5,1407.6676424728735,256.0
2010-01-26 12:00,8.3,2,0,5,33,85,71,0.0,1004,5,10,263,23,1,59.45,1407.6676424728735,91.0
2010-01-26 13:00,8.3,2,0,4,33,82,73,0.0,1005,4,10,262,23,1,60.62000000000001,1407.6676424728735,363.0
2010-01-26 14:00,8.3,2,0,4,33,78,75,0.0,1006,4,10,262,22,1,64.83,1407.6676424728735,415.0
2010-01-26 15:00,8.3,2,0,4,33,75,77,0.0,1007,4,10,262,21,1,71.53,1407.6676424728735,183.0
2010-01-26 16:00,8.3,2,0,3,31,58,78,0.0,1008,3,10,261,19,1,80.06,1407.6676424728735,137.0
2010-01-26 17:00,8.3,2,-1,3,28,42,79,0.0,1008,2,10,260,16,1,89.86,1407.6676424728735,0.0
2010-01-27 08:00,10.0,2,-5,1,21,8,64,0.0,1017,1,10,290,16,1,82.53,1407.3255618075802,97.0
2010-01-27 09:00,10.0,2,-6,2,22,6,59,0.0,1018,2,10,293,18,1,73.56,1407.3255618075802,259.0
2010-01-27 10:00,10.0,2,-5,2,23,7,57,0.0,1018,2,10,286,18,1,66.26,1407.3255618075802,402.0
2010-01-27 11:00,10.0,2,-5,3,23,7,55,0.0,1018,3,10,279,19,1,61.27,1407.3255618075802,494.0
2010-01-27 12:00,10.0,2,-5,4,24,8,54,0.0,1018,4,10,273,19,1,59.19,1407.3255618075802,530.0
2010-01-27 13:00,10.0,2,-5,3,26,8,55,0.0,1018,3,10,271,19,1,60.36,1407.3255618075802,154.0
2010-01-27 14:00,10.0,2,-5,3,27,8,56,0.0,1019,3,10,269,19,1,64.57000000000001,1407.3255618075802,130.0
2010-01-27 15:00,10.0,2,-5,3,29,8,57,0.0,1019,3,10,267,19,1,71.28,1407.3255618075802,301.0
2010-01-27 16:00,10.0,2,-5,2,27,9,60,0.0,1020,2,10,271,17,1,79.83,1407.3255618075802,142.0
2010-01-27 17:00,10.0,2,-5,1,25,10,64,0.0,1020,1,10,274,15,1,89.64,1407.3255618075802,0.0
2010-01-28 08:00,6.6,2,-2,0,18,97,84,0.1,1017,0,5,198,12,1,82.36,1406.9715318080266,31.0
2010-01-28 09:00,6.6,2,-2,1,19,100,86,0.1,1015,1,2,185,13,1,73.38,1406.9715318080266,8.0
2010-01-28 10:00,6.6,2,-1,2,17,90,82,0.1,1014,2,5,199,12,1,66.05,1406.9715318080266,106.0
2010-01-28 11:00,6.6,2,0,3,16,80,78,0.0,1013,3,7,213,12,1,61.02,1406.9715318080266,42.0
2010-01-28 12:00,6.6,2,0,4,15,70,74,0.0,1012,4,10,227,12,1,58.93,1406.9715318080266,330.0
2010-01-28 13:00,6.6,2,0,4,28,67,77,0.0,1012,3,7,241,19,1,60.09,1406.9715318080266,275.0
2010-01-28 14:00,6.6,2,0,3,42,64,80,0.0,1012,3,3,255,26,1,64.31,1406.9715318080266,419.0
2010-01-28 15:00,6.6,2,0,2,55,61,84,0.0,1012,2,0,269,33,1,71.04,1406.9715318080266,295.0
2010-01-28 16:00,6.6,2,-2,1,55,45,79,0.0,1014,1,3,283,33,1,79.60000000000002,1406.9715318080266,144.0
2010-01-28 17:00,6.6,2,-4,0,55,29,75,0.0,1015,0,7,296,33,1,89.43,1406.9715318080266,0.0
2010-01-29 08:00,10.0,2,-17,-8,34,22,49,0.0,1026,-8,10,305,28,1,82.2,1406.6056573809417,111.0
2010-01-29 09:00,10.0,2,-17,-8,35,32,46,0.0,1026,-8,10,305,30,1,73.18,1406.6056573809417,282.0
2010-01-29 10:00,10.0,2,-17,-7,33,27,45,0.0,1025,-7,10,305,29,1,65.82000000000001,1406.6056573809417,327.0
2010-01-29 11:00,10.0,2,-16,-6,32,22,44,0.0,1025,-6,10,304,28,1,60.78,1406.6056573809417,345.0
2010-01-29 12:00,10.0,2,-16,-5,31,16,43,0.0,1024,-5,10,304,27,1,58.67,1406.6056573809417,406.0
2010-01-29 13:00,10.0,2,-16,-5,33,20,43,0.0,1024,-5,10,303,27,1,59.82,1406.6056573809417,390.0
2010-01-29 14:00,10.0,2,-16,-5,35,23,43,0.0,1024,-5,10,303,28,1,64.05,1406.6056573809417,460.0
2010-01-29 15:00,10.0,2,-16,-5,37,27,42,0.0,1024,-5,10,303,28,1,70.79,1406.6056573809417,329.0
2010-01-29 16:00,10.0,2,-15,-6,35,29,47,0.0,1024,-6,10,304,26,1,79.37,1406.6056573809417,164.0
2010-01-29 17:00,10.0,2,-15,-6,34,31,51,0.0,1024,-6,10,305,23,1,89.21000000000002,1406.6056573809417,0.0
2010-01-30 08:00,6.7,2,-18,-10,19,48,48,0.0,1025,-10,10,336,15,1,82.02,1406.228046942815,44.0
2010-01-30 09:00,6.7,2,-19,-9,19,50,45,0.0,1025,-9,10,339,16,1,72.98,1406.228046942815,170.0
2010-01-30 10:00,6.7,2,-18,-9,18,67,45,0.0,1024,-9,10,228,15,1,65.6,1406.228046942815,303.0
2010-01-30 11:00,6.7,2,-18,-8,17,83,46,0.0,1023,-8,10,117,15,1,60.52,1406.228046942815,239.0
2010-01-30 12:00,6.7,2,-17,-8,17,100,46,0.0,1022,-8,10,5,14,1,58.39,1406.228046942815,222.0
2010-01-30 13:00,6.7,2,-17,-7,17,100,47,0.0,1021,-7,10,11,14,1,59.54,1406.228046942815,136.0
2010-01-30 14:00,6.7,2,-16,-7,17,100,48,0.0,1021,-7,10,16,13,1,63.78,1406.228046942815,9.0
2010-01-30 15:00,6.7,2,-16,-7,17,100,49,0.0,1020,-7,10,22,13,1,70.54,1406.228046942815,29.0
2010-01-30 16:00,6.7,2,-15,-7,17,100,52,0.0,1020,-7,10,16,13,1,79.14,1406.228046942815,28.0
2010-01-30 17:00,6.7,2,-14,-7,16,100,55,0.0,1019,-7,10,10,12,1,89.0,1406.228046942815,0.0
2010-01-31 08:00,10.1,1,-15,-7,16,2,52,0.0,1019,-8,10,339,14,1,81.84,1405.8388123877685,116.0
2010-01-31 09:00,10.1,1,-16,-6,16,3,46,0.0,1020,-7,10,338,14,1,72.78,1405.8388123877685,286.0
2010-01-31 10:00,10.1,1,-15,-5,15,4,43,0.0,1020,-6,10,320,13,1,65.36,1405.8388123877685,432.0
2010-01-31 11:00,10.1,1,-15,-3,13,5,40,0.0,1020,-4,10,302,11,1,60.26,1405.8388123877685,531.0
2010-01-31 12:00,10.1,1,-15,-2,11,6,37,0.0,1020,-3,10,284,10,1,58.12000000000001,1405.8388123877685,571.0
2010-01-31 13:00,10.1,1,-14,-2,13,5,37,0.0,1019,-3,10,281,11,1,59.26,1405.8388123877685,549.0
2010-01-31 14:00,10.1,1,-14,-2,16,4,37,0.0,1019,-2,10,277,12,1,63.51,1405.8388123877685,468.0
2010-01-31 15:00,10.1,1,-14,-2,18,3,37,0.0,1019,-2,10,274,14,1,70.29,1405.8388123877685,335.0
2010-01-31 16:00,10.1,1,-14,-2,19,4,40,0.0,1019,-3,10,266,13,1,78.9,1405.8388123877685,168.0
2010-01-31 17:00,10.1,1,-14,-3,21,4,43,0.0,1019,-3,10,257,13,1,88.78,1405.8388123877685,14.0
2010-02-01 08:00,10.1,2,-10,-3,30,1,59,0.0,1025,-3,10,276,22,2,81.66,1405.4380690544012,116.0
2010-02-01 09:00,10.1,2,-10,-2,30,2,52,0.0,1025,-2,10,286,24,2,72.57000000000002,1405.4380690544012,287.0
2010-02-01 10:00,10.1,2,-10,-1,26,8,48,0.0,1025,-1,10,290,21,2,65.12,1405.4380690544012,435.0
2010-02-01 11:00,10.1,2,-11,0,23,14,45,0.0,1024,0,10,294,19,2,60.0,1405.4380690544012,532.0
2010-02-01 12:00,10.1,2,-11,1,19,21,41,0.0,1024,1,10,299,16,2,57.84,1405.4380690544012,570.0
2010-02-01 13:00,10.1,2,-11,1,21,23,41,0.0,1023,1,10,290,16,2,58.98,1405.4380690544012,434.0
2010-02-01 14:00,10.1,2,-10,1,23,25,42,0.0,1023,1,10,281,17,2,63.24,1405.4380690544012,464.0
2010-02-01 15:00,10.1,2,-10,1,25,28,42,0.0,1023,1,10,272,17,2,70.03,1405.4380690544012,331.0
2010-02-01 16:00,10.1,2,-10,0,25,29,46,0.0,1023,0,10,269,15,2,78.67,1405.4380690544012,166.0
2010-02-01 17:00,10.1,2,-10,-1,25,30,50,0.0,1023,-1,10,266,14,2,88.56,1405.4380690544012,15.0
2010-02-02 08:00,6.7,2,-8,-2,11,64,65,0.0,1025,-3,10,47,8,2,81.46000000000002,1405.0259356916117,26.0
2010-02-02 09:00,6.7,2,-8,-2,12,74,62,0.0,1025,-2,10,70,9,2,72.35000000000002,1405.0259356916117,86.0
2010-02-02 10:00,6.7,2,-8,-1,10,67,58,0.0,1025,-1,10,79,8,2,64.88,1405.0259356916117,207.0
2010-02-02 11:00,6.7,2,-8,0,8,61,54,0.0,1024,0,10,89,6,2,59.73,1405.0259356916117,233.0
2010-02-02 12:00,6.7,2,-8,1,5,55,50,0.0,1024,1,10,99,5,2,57.55,1405.0259356916117,194.0
2010-02-02 13:00,6.7,2,-8,1,8,70,53,0.0,1023,0,10,113,6,2,58.69,1405.0259356916117,197.0
2010-02-02 14:00,6.7,2,-8,0,11,85,56,0.0,1023,0,10,127,8,2,62.96,1405.0259356916117,164.0
2010-02-02 15:00,6.7,2,-7,0,13,100,59,0.0,1023,-1,10,141,9,2,69.77,1405.0259356916117,127.0
2010-02-02 16:00,6.7,2,-6,-1,13,100,66,0.0,1022,-1,10,121,9,2,78.43,1405.0259356916117,18.0
2010-02-02 17:00,6.7,2,-5,-1,13,100,73,0.0,1022,-1,10,100,8,2,88.34,1405.0259356916117,1.0
2010-02-03 08:00,6.7,1,-1,0,6,99,92,0.0,1018,-1,7,186,5,2,81.27,1404.6025344234097,14.0
2010-02-03 09:00,6.7,1,-1,1,6,99,90,0.0,1018,0,10,268,5,2,72.13,1404.6025344234097,99.0
2010-02-03 10:00,6.7,1,-1,1,9,95,87,0.0,1018,1,10,277,7,2,64.63,1404.6025344234097,161.0
2010-02-03 11:00,6.7,1,-1,2,12,91,85,0.0,1017,1,10,286,9,2,59.45,1404.6025344234097,293.0
2010-02-03 12:00,6.7,1,0,2,15,87,82,0.0,1016,2,10,295,11,2,57.26,1404.6025344234097,566.0
2010-02-03 13:00,6.7,1,0,2,17,82,82,0.0,1016,2,10,298,12,2,58.39,1404.6025344234097,455.0
2010-02-03 14:00,6.7,1,0,2,19,77,83,0.0,1017,2,10,301,13,2,62.68,1404.6025344234097,386.0
2010-02-03 15:00,6.7,1,0,2,22,73,83,0.0,1017,2,10,303,14,2,69.51,1404.6025344234097,195.0
2010-02-03 16:00,6.7,1,-1,2,23,58,84,0.0,1017,1,10,307,14,2,78.19,1404.6025344234097,122.0
2010-02-03 17:00,6.7,1,-1,1,25,43,85,0.0,1018,1,10,311,14,2,88.12,1404.6025344234097,18.0
2010-02-04 08:00,10.1,2,-6,-2,30,1,72,0.0,1027,-2,10,307,20,2,81.06,1404.167990712729,133.0
2010-02-04 09:00,10.1,2,-7,-2,28,2,67,0.0,1027,-2,10,312,21,2,71.9,1404.167990712729,310.0
2010-02-04 10:00,10.1,2,-7,-1,26,6,62,0.0,1027,-1,10,315,20,2,64.37,1404.167990712729,458.0
2010-02-04 11:00,10.1,2,-7,0,24,10,57,0.0,1027,0,10,318,18,2,59.17,1404.167990712729,557.0
2010-02-04 12:00,10.1,2,-8,1,22,14,51,0.0,1027,1,10,322,17,2,56.96,1404.167990712729,597.0
2010-02-04 13:00,10.1,2,-7,1,22,11,54,0.0,1027,1,10,313,16,2,58.1,1404.167990712729,575.0
2010-02-04 14:00,10.1,2,-7,1,22,8,56,0.0,1027,1,10,305,16,2,62.4,1404.167990712729,491.0
2010-02-04 15:00,10.1,2,-6,1,23,5,58,0.0,1027,1,10,296,15,2,69.25,1404.167990712729,357.0
2010-02-04 16:00,10.1,2,-6,0,23,7,61,0.0,1027,0,10,299,14,2,77.95,1404.167990712729,189.0
2010-02-04 17:00,10.1,2,-6,0,23,8,63,0.0,1027,-1,10,303,12,2,87.89,1404.167990712729,24.0
2010-02-05 08:00,8.3,2,-6,0,10,24,66,0.0,1025,-1,10,339,7,2,80.86,1403.7224333242493,63.0
2010-02-05 09:00,8.3,2,-6,0,7,26,62,0.0,1024,0,10,339,6,2,71.67,1403.7224333242493,124.0
2010-02-05 10:00,8.3,2,-6,1,8,35,61,0.0,1024,0,10,318,6,2,64.11,1403.7224333242493,224.0
2010-02-05 11:00,8.3,2,-6,2,9,44,59,0.0,1024,1,10,296,7,2,58.88,1403.7224333242493,315.0
2010-02-05 12:00,8.3,2,-5,2,10,52,58,0.0,1023,2,10,274,8,2,56.66,1403.7224333242493,337.0
2010-02-05 13:00,8.3,2,-5,2,7,61,61,0.0,1022,1,10,266,6,2,57.8,1403.7224333242493,254.0
2010-02-05 14:00,8.3,2,-5,1,5,69,64,0.0,1021,1,10,258,4,2,62.11,1403.7224333242493,177.0
2010-02-05 15:00,8.3,2,-4,1,3,77,67,0.0,1021,1,10,250,2,2,68.98,1403.7224333242493,97.0
2010-02-05 16:00,8.3,2,-5,1,2,85,68,0.0,1020,0,10,172,1,2,77.71000000000002,1403.7224333242493,51.0
2010-02-05 17:00,8.3,2,-5,0,2,92,69,0.0,1020,0,10,93,1,2,87.67,1403.7224333242493,6.0
2010-02-06 08:00,6.7,1,-7,-5,46,90,86,0.0,1008,-5,10,45,33,2,80.64,1403.2659942862406,21.0
2010-02-06 09:00,6.7,1,-7,-5,52,91,86,0.0,1008,-5,10,42,37,2,71.43,1403.2659942862406,31.0
2010-02-06 10:00,6.7,1,-7,-5,48,94,86,0.0,1007,-5,10,36,34,2,63.84,1403.2659942862406,23.0
2010-02-06 11:00,6.7,1,-7,-5,43,97,86,0.0,1007,-5,10,30,30,2,58.59,1403.2659942862406,56.0
2010-02-06 12:00,6.7,1,-6,-4,38,100,86,0.0,1006,-4,10,25,27,2,56.35,1403.2659942862406,93.0
2010-02-06 13:00,6.7,1,-7,-5,41,100,84,0.0,1006,-5,10,26,29,2,57.49,1403.2659942862406,130.0
2010-02-06 14:00,6.7,1,-7,-5,45,100,82,0.0,1006,-5,10,27,30,2,61.82,1403.2659942862406,41.0
2010-02-06 15:00,6.7,1,-8,-5,48,100,80,0.0,1006,-5,10,28,32,2,68.72,1403.2659942862406,82.0
2010-02-06 16:00,6.7,1,-8,-5,43,78,81,0.0,1006,-5,10,137,28,2,77.46000000000002,1403.2659942862406,7.0
2010-02-06 17:00,6.7,1,-8,-5,38,56,82,0.0,1007,-5,10,245,23,2,87.45,1403.2659942862406,1.0
2010-02-07 08:00,10.2,2,-9,-8,29,0,90,0.0,1013,-8,10,324,20,2,80.42,1402.7988088514403,147.0
2010-02-07 09:00,10.2,2,-9,-7,35,0,89,0.0,1013,-7,10,326,24,2,71.18,1402.7988088514403,326.0
2010-02-07 10:00,10.2,2,-7,-5,32,0,88,0.0,1013,-5,10,321,22,2,63.57,1402.7988088514403,475.0
2010-02-07 11:00,10.2,2,-5,-3,30,0,87,0.0,1012,-3,10,317,21,2,58.29,1402.7988088514403,576.0
2010-02-07 12:00,10.2,2,-3,-1,27,0,86,0.0,1011,-1,10,312,19,2,56.04,1402.7988088514403,617.0
2010-02-07 13:00,10.2,2,-3,-2,31,0,87,0.0,1012,-2,10,311,21,2,57.18,1402.7988088514403,595.0
2010-02-07 14:00,10.2,2,-4,-2,35,0,88,0.0,1012,-2,10,310,22,2,61.53,1402.7988088514403,513.0
2010-02-07 15:00,10.2,2,-4,-2,39,0,88,0.0,1012,-2,10,309,24,2,68.45,1402.7988088514403,378.0
2010-02-07 16:00,10.2,2,-5,-3,36,0,88,0.0,1012,-3,10,309,21,2,77.22,1402.7988088514403,206.0
2010-02-07 17:00,10.2,2,-6,-4,34,1,87,0.0,1013,-4,10,310,19,2,87.22,1402.7988088514403,34.0
2010-02-08 07:00,10.6,2,-8,-5,26,6,79,0.0,1015,-5,10,287,18,2,90.53,1402.321015456976,0.0
2010-02-08 08:00,10.6,2,-8,-4,29,9,76,0.0,1015,-4,10,291,21,2,80.2,1402.321015456976,146.0
2010-02-08 09:00,10.6,2,-8,-4,31,11,72,0.0,1015,-3,10,295,24,2,70.94,1402.321015456976,323.0
2010-02-08 10:00,10.6,2,-7,-2,31,8,69,0.0,1015,-2,10,296,24,2,63.3,1402.321015456976,473.0
2010-02-08 11:00,10.6,2,-6,0,31,6,67,0.0,1014,0,10,298,23,2,57.99,1402.321015456976,573.0
2010-02-08 12:00,10.6,2,-5,1,31,3,64,0.0,1013,1,10,299,23,2,55.72,1402.321015456976,613.0
2010-02-08 13:00,10.6,2,-5,1,34,8,67,0.0,1014,1,10,298,24,2,56.87000000000001,1402.321015456976,592.0
2010-02-08 14:00,10.6,2,-4,1,37,14,69,0.0,1014,1,10,297,26,2,61.23,1402.321015456976,510.0
2010-02-08 15:00,10.6,2,-4,0,41,20,72,0.0,1015,0,10,295,28,2,68.18,1402.321015456976,376.0
2010-02-08 16:00,10.6,2,-4,0,38,13,75,0.0,1015,0,10,298,24,2,76.97,1402.321015456976,206.0
2010-02-08 17:00,10.6,2,-4,-1,36,7,77,0.0,1015,-1,10,301,20,2,87.0,1402.321015456976,36.0
2010-02-09 07:00,10.0,2,-5,-2,17,7,80,0.0,1019,-3,10,303,12,2,90.32,1401.832755683342,0.0
2010-02-09 08:00,10.0,2,-5,-1,17,10,74,0.0,1019,-2,10,313,13,2,79.97,1401.832755683342,144.0
2010-02-09 09:00,10.0,2,-6,-1,17,14,69,0.0,1019,-1,10,323,14,2,70.68,1401.832755683342,320.0
2010-02-09 10:00,10.0,2,-5,1,15,25,67,0.0,1018,0,10,302,12,2,63.01,1401.832755683342,464.0
2010-02-09 11:00,10.0,2,-4,2,13,36,64,0.0,1017,2,10,282,10,2,57.68,1401.832755683342,561.0
2010-02-09 12:00,10.0,2,-3,4,11,47,62,0.0,1017,3,10,261,8,2,55.4,1401.832755683342,420.0
2010-02-09 13:00,10.0,2,-3,3,13,46,67,0.0,1016,3,10,249,9,2,56.55,1401.832755683342,576.0
2010-02-09 14:00,10.0,2,-2,2,14,46,72,0.0,1016,2,10,237,9,2,60.94,1401.832755683342,341.0
2010-02-09 15:00,10.0,2,-2,2,15,45,77,0.0,1015,1,10,225,9,2,67.91,1401.832755683342,150.0
2010-02-09 16:00,10.0,2,-2,1,12,52,79,0.0,1014,1,10,199,7,2,76.73,1401.832755683342,126.0
2010-02-09 17:00,10.0,2,-2,1,10,58,81,0.0,1013,0,10,173,5,2,86.77,1401.832755683342,20.0
2010-02-10 07:00,5.3,1,-1,0,42,100,95,0.0,994,0,10,54,28,2,90.1,1401.3341742124462,0.0
2010-02-10 08:00,5.3,1,-1,0,49,100,95,0.0,992,0,10,59,33,2,79.74,1401.3341742124462,6.0
2010-02-10 09:00,5.3,1,0,0,55,100,96,0.0,990,0,10,65,38,2,70.42,1401.3341742124462,205.0
2010-02-10 10:00,5.3,1,-1,0,52,100,95,0.0,988,0,10,53,35,2,62.73,1401.3341742124462,34.0
2010-02-10 11:00,5.3,1,-1,0,48,100,95,0.0,986,0,10,42,33,2,57.37000000000001,1401.3341742124462,44.0
2010-02-10 12:00,5.3,1,-2,-1,45,100,94,0.0,985,-1,10,30,30,2,55.08,1401.3341742124462,31.0
2010-02-10 13:00,5.3,1,-1,0,49,100,94,0.0,984,0,10,27,33,2,56.24,1401.3341742124462,23.0
2010-02-10 14:00,5.3,1,-1,0,53,100,94,0.0,984,0,10,25,36,2,60.64,1401.3341742124462,42.0
2010-02-10 15:00,5.3,1,0,0,57,100,94,0.0,983,0,10,22,39,2,67.64,1401.3341742124462,68.0
2010-02-10 16:00,5.3,1,-1,0,52,100,94,0.0,984,0,10,128,35,2,76.48,1401.3341742124462,7.0
2010-02-10 17:00,5.3,1,-1,0,47,100,94,0.0,985,0,10,234,32,2,86.54,1401.3341742124462,1.0
2010-02-11 07:00,10.7,2,-4,-2,43,11,85,0.0,1001,-2,10,318,27,2,89.88,1400.8254187847392,0.0
2010-02-11 08:00,10.7,2,-4,-1,43,8,84,0.0,1002,-1,10,320,29,2,79.5,1400.8254187847392,106.0
2010-02-11 09:00,10.7,2,-3,-1,43,5,83,0.0,1003,-1,10,321,31,2,70.16,1400.8254187847392,346.0
2010-02-11 10:00,10.7,2,-3,0,40,4,82,0.0,1003,0,10,317,29,2,62.44000000000001,1400.8254187847392,501.0
2010-02-11 11:00,10.7,2,-2,1,37,3,81,0.0,1003,1,10,312,27,2,57.06,1400.8254187847392,607.0
2010-02-11 12:00,10.7,2,-2,2,33,2,80,0.0,1003,1,10,308,24,2,54.75,1400.8254187847392,650.0
2010-02-11 13:00,10.7,2,-2,1,35,3,80,0.0,1003,1,10,306,25,2,55.91,1400.8254187847392,628.0
2010-02-11 14:00,10.7,2,-2,1,38,4,81,0.0,1004,1,10,304,26,2,60.34,1400.8254187847392,543.0
2010-02-11 15:00,10.7,2,-2,1,40,6,81,0.0,1004,1,10,303,27,2,67.36,1400.8254187847392,404.0
2010-02-11 16:00,10.7,2,-3,0,40,5,83,0.0,1005,0,10,306,25,2,76.23,1400.8254187847392,226.0
2010-02-11 17:00,10.7,2,-3,-1,40,4,84,0.0,1005,-1,10,310,23,2,86.31,1400.8254187847392,46.0
2010-02-12 07:00,10.7,2,-5,-4,25,1,91,0.0,1011,-5,10,298,15,2,89.66,1400.3066401554343,0.0
2010-02-12 08:00,10.7,2,-5,-4,27,2,91,0.0,1011,-4,10,300,18,2,79.25,1400.3066401554343,169.0
2010-02-12 09:00,10.7,2,-5,-3,29,2,90,0.0,1011,-3,10,302,20,2,69.89,1400.3066401554343,356.0
2010-02-12 10:00,10.7,2,-4,-2,29,3,90,0.0,1011,-2,10,305,19,2,62.14,1400.3066401554343,511.0
2010-02-12 11:00,10.7,2,-2,-1,28,3,89,0.0,1010,-1,10,308,19,2,56.74,1400.3066401554343,615.0
2010-02-12 12:00,10.7,2,-1,0,28,3,89,0.0,1010,0,10,311,18,2,54.42,1400.3066401554343,658.0
2010-02-12 13:00,10.7,2,-1,0,28,3,89,0.0,1010,0,10,302,18,2,55.59,1400.3066401554343,636.0
2010-02-12 14:00,10.7,2,-1,0,28,3,90,0.0,1010,0,10,293,17,2,60.03,1400.3066401554343,549.0
2010-02-12 15:00,10.7,2,-1,0,28,2,91,0.0,1010,0,10,285,17,2,67.09,1400.3066401554343,408.0
2010-02-12 16:00,10.7,2,-2,-1,26,3,90,0.0,1010,-1,10,291,15,2,75.98,1400.3066401554343,229.0
2010-02-12 17:00,10.7,2,-3,-2,25,5,90,0.0,1010,-2,10,298,13,2,86.09,1400.3066401554343,48.0
2010-02-13 07:00,5.4,2,-7,-6,22,55,91,0.0,1004,-6,10,327,13,2,89.43,1399.7779920498347,0.0
2010-02-13 08:00,5.4,2,-6,-5,25,65,91,0.0,1004,-5,10,326,16,2,79.01,1399.7779920498347,96.0
2010-02-13 09:00,5.4,2,-6,-5,29,74,91,0.0,1004,-5,10,324,20,2,69.62,1399.7779920498347,260.0
2010-02-13 10:00,5.4,2,-5,-4,28,82,90,0.0,1002,-3,10,321,19,2,61.84,1399.7779920498347,313.0
2010-02-13 11:00,5.4,2,-4,-2,27,91,89,0.0,1001,-2,10,318,19,2,56.41,1399.7779920498347,276.0
2010-02-13 12:00,5.4,2,-3,-1,26,100,88,0.0,1000,-1,10,314,18,2,54.08,1399.7779920498347,388.0
2010-02-13 13:00,5.4,2,-3,-2,29,100,89,0.0,1000,-2,10,308,20,2,55.26,1399.7779920498347,490.0
2010-02-13 14:00,5.4,2,-3,-2,31,100,90,0.0,1001,-2,10,302,21,2,59.73,1399.7779920498347,396.0
2010-02-13 15:00,5.4,2,-3,-2,34,100,91,0.0,1001,-2,10,296,22,2,66.81,1399.7779920498347,286.0
2010-02-13 16:00,5.4,2,-4,-2,36,100,91,0.0,1000,-2,10,298,23,2,75.73,1399.7779920498347,105.0
2010-02-13 17:00,5.4,2,-4,-3,39,100,90,0.0,1000,-3,10,299,23,2,85.86,1399.7779920498347,22.0
2010-02-14 07:00,6.9,1,-5,-4,33,68,92,0.0,1001,-4,10,271,19,2,89.2,1399.239631117784,0.0
2010-02-14 08:00,6.9,1,-4,-3,35,78,92,0.0,1002,-3,10,274,22,2,78.75,1399.239631117784,27.0
2010-02-14 09:00,6.9,1,-3,-2,37,88,92,0.0,1002,-2,10,277,25,2,69.34,1399.239631117784,168.0
2010-02-14 10:00,6.9,1,-2,-1,35,86,93,0.0,1002,-1,10,283,24,2,61.54,1399.239631117784,354.0
2010-02-14 11:00,6.9,1,-1,0,34,84,94,0.0,1002,0,10,290,22,2,56.08,1399.239631117784,498.0
2010-02-14 12:00,6.9,1,1,1,33,82,95,0.0,1002,1,10,297,20,2,53.74,1399.239631117784,419.0
2010-02-14 13:00,6.9,1,0,1,34,76,96,0.0,1002,1,10,288,21,2,54.93,1399.239631117784,452.0
2010-02-14 14:00,6.9,1,0,1,35,69,96,0.0,1003,1,10,279,22,2,59.42,1399.239631117784,434.0
2010-02-14 15:00,6.9,1,0,1,36,62,96,0.0,1004,1,10,270,22,2,66.53,1399.239631117784,408.0
2010-02-14 16:00,6.9,1,0,1,34,51,94,0.0,1004,1,10,270,21,2,75.48,1399.239631117784,232.0
2010-02-14 17:00,6.9,1,0,1,33,40,92,0.0,1004,1,10,271,19,2,85.63,1399.239631117784,52.0
2010-02-15 07:00,10.1,2,-5,-4,29,6,93,0.0,1009,-4,10,261,17,2,88.96000000000002,1398.6917168872449,12.0
2010-02-15 08:00,10.1,2,-4,-3,28,6,92,0.0,1010,-3,10,260,18,2,78.5,1398.6917168872449,174.0
2010-02-15 09:00,10.1,2,-3,-2,26,6,92,0.0,1010,-2,10,259,19,2,69.06,1398.6917168872449,362.0
2010-02-15 10:00,10.1,2,-1,0,22,4,94,0.0,1010,-1,7,254,17,2,61.23,1398.6917168872449,522.0
2010-02-15 11:00,10.1,2,1,1,18,2,95,0.0,1009,0,5,248,14,2,55.75,1398.6917168872449,628.0
2010-02-15 12:00,10.1,2,3,3,14,0,96,0.0,1008,2,2,243,12,2,53.4,1398.6917168872449,672.0
2010-02-15 13:00,10.1,2,2,2,18,9,95,0.0,1008,1,5,238,13,2,54.59,1398.6917168872449,648.0
2010-02-15 14:00,10.1,2,1,2,21,18,94,0.0,1008,1,7,233,14,2,59.11,1398.6917168872449,558.0
2010-02-15 15:00,10.1,2,0,1,24,26,92,0.0,1008,1,10,228,15,2,66.25,1398.6917168872449,412.0
2010-02-15 16:00,10.1,2,-1,1,22,48,92,0.0,1008,0,10,220,13,2,75.23,1398.6917168872449,143.0
2010-02-15 17:00,10.1,2,-1,0,20,69,92,0.0,1008,0,10,211,12,2,85.4,1398.6917168872449,31.0
2010-02-16 07:00,5.4,1,-1,0,16,100,98,0.0,998,0,1,125,11,2,88.71000000000002,1398.1344117170288,3.0
2010-02-16 08:00,5.4,1,-1,0,17,100,98,0.1,997,0,1,225,12,2,78.24,1398.1344117170288,11.0
2010-02-16 09:00,5.4,1,-1,0,19,100,97,0.1,997,0,2,325,13,2,68.77,1398.1344117170288,52.0
2010-02-16 10:00,5.4,1,-1,0,20,100,97,0.1,996,0,5,319,14,2,60.91,1398.1344117170288,23.0
2010-02-16 11:00,5.4,1,-1,0,22,100,97,0.0,996,0,7,313,15,2,55.41,1398.1344117170288,70.0
2010-02-16 12:00,5.4,1,-1,0,23,100,96,0.0,996,0,10,307,16,2,53.05,1398.1344117170288,148.0
2010-02-16 13:00,5.4,1,-1,0,28,100,96,0.0,996,0,10,307,19,2,54.26,1398.1344117170288,164.0
2010-02-16 14:00,5.4,1,-1,0,32,100,95,0.0,996,0,10,307,21,2,58.8,1398.1344117170288,179.0
2010-02-16 15:00,5.4,1,-1,0,37,100,95,0.0,997,0,10,308,24,2,65.98,1398.1344117170288,105.0
2010-02-16 16:00,5.4,1,-1,0,37,92,94,0.0,997,0,10,304,23,2,74.98,1398.1344117170288,51.0
2010-02-16 17:00,5.4,1,-1,0,36,83,93,0.0,998,0,10,300,22,2,85.17,1398.1344117170288,11.0
2010-02-17 07:00,7.0,2,-4,-3,30,33,93,0.0,1003,-3,10,267,18,2,88.47,1397.567880748685,16.0
2010-02-17 08:00,7.0,2,-3,-2,31,32,93,0.0,1003,-2,10,270,20,2,77.97,1397.567880748685,182.0
2010-02-17 09:00,7.0,2,-2,-1,33,32,92,0.0,1003,-1,10,273,23,2,68.48,1397.567880748685,369.0
2010-02-17 10:00,7.0,2,-2,-1,30,47,92,0.0,1002,-1,10,275,21,2,60.6,1397.567880748685,525.0
2010-02-17 11:00,7.0,2,-1,0,28,62,92,0.0,1001,0,10,278,19,2,55.07,1397.567880748685,228.0
2010-02-17 12:00,7.0,2,-1,1,26,76,92,0.0,1000,1,10,281,18,2,52.7,1397.567880748685,324.0
2010-02-17 13:00,7.0,2,-1,1,27,75,92,0.0,1000,1,10,276,18,2,53.92,1397.567880748685,166.0
2010-02-17 14:00,7.0,2,-1,0,28,75,92,0.0,1000,0,10,271,19,2,58.49,1397.567880748685,118.0
2010-02-17 15:00,7.0,2,-1,0,29,74,92,0.0,999,0,10,265,20,2,65.7,1397.567880748685,70.0
2010-02-17 16:00,7.0,2,-1,0,28,72,92,0.0,999,0,10,267,18,2,74.73,1397.567880748685,34.0
2010-02-17 17:00,7.0,2,-2,-1,26,71,93,0.0,1000,-1,10,269,16,2,84.95,1397.567880748685,8.0
2010-02-18 07:00,10.9,2,-1,0,34,19,94,0.0,1001,0,10,292,19,2,88.22,1396.992291857567,20.0
2010-02-18 08:00,10.9,2,0,0,36,27,95,0.0,1001,0,10,291,21,2,77.7,1396.992291857567,189.0
2010-02-18 09:00,10.9,2,0,1,37,34,97,0.0,1002,1,10,289,23,2,68.19,1396.992291857567,375.0
2010-02-18 10:00,10.9,2,1,1,39,32,97,0.0,1002,1,10,292,23,2,60.28,1396.992291857567,529.0
2010-02-18 11:00,10.9,2,1,2,40,30,97,0.0,1002,2,10,294,23,2,54.73,1396.992291857567,492.0
2010-02-18 12:00,10.9,2,2,2,42,28,98,0.0,1002,2,10,297,23,2,52.35,1396.992291857567,500.0
2010-02-18 13:00,10.9,2,1,2,43,39,97,0.0,1002,2,10,292,24,2,53.58,1396.992291857567,449.0
2010-02-18 14:00,10.9,2,1,2,44,49,96,0.0,1003,2,10,287,25,2,58.18,1396.992291857567,162.0
2010-02-18 15:00,10.9,2,1,1,46,59,95,0.0,1003,1,10,282,26,2,65.42,1396.992291857567,147.0
2010-02-18 16:00,10.9,2,0,1,41,41,94,0.0,1003,1,10,294,22,2,74.48,1396.992291857567,94.0
2010-02-18 17:00,10.9,2,0,1,35,22,92,0.0,1003,1,10,306,19,2,84.72,1396.992291857567,64.0
2010-02-19 07:00,10.9,1,-1,1,38,42,93,0.0,1006,1,10,282,21,2,87.96000000000002,1396.4078156030846,4.0
2010-02-19 08:00,10.9,1,0,1,42,49,95,0.0,1006,1,10,279,24,2,77.43,1396.4078156030846,33.0
2010-02-19 09:00,10.9,1,1,1,45,55,96,0.0,1007,1,10,276,26,2,67.89,1396.4078156030846,140.0
2010-02-19 10:00,10.9,1,1,2,45,51,97,0.0,1007,2,10,284,25,2,59.95,1396.4078156030846,270.0
2010-02-19 11:00,10.9,1,2,3,45,46,97,0.0,1007,3,10,292,24,2,54.38,1396.4078156030846,390.0
2010-02-19 12:00,10.9,1,3,4,44,41,97,0.0,1007,4,10,299,23,2,51.99,1396.4078156030846,486.0
2010-02-19 13:00,10.9,1,3,3,44,46,96,0.0,1008,3,10,295,24,2,53.23,1396.4078156030846,474.0
2010-02-19 14:00,10.9,1,2,3,44,51,95,0.0,1008,3,10,290,24,2,57.86,1396.4078156030846,309.0
2010-02-19 15:00,10.9,1,2,2,43,56,94,0.0,1009,2,10,285,25,2,65.13,1396.4078156030846,239.0
2010-02-19 16:00,10.9,1,2,2,39,50,94,0.0,1009,2,10,293,22,2,74.23,1396.4078156030846,251.0
2010-02-19 17:00,10.9,1,1,2,36,45,94,0.0,1010,2,10,301,19,2,84.49,1396.4078156030846,67.0
2010-02-20 07:00,7.0,2,0,1,22,48,95,0.0,1015,1,10,296,13,2,87.7,1395.8146251781664,24.0
2010-02-20 08:00,7.0,2,1,1,25,55,95,0.0,1015,1,10,299,15,2,77.15,1395.8146251781664,195.0
2010-02-20 09:00,7.0,2,1,2,28,62,96,0.0,1015,2,10,302,18,2,67.59,1395.8146251781664,381.0
2010-02-20 10:00,7.0,2,2,3,29,64,94,0.0,1014,3,10,304,19,2,59.62000000000001,1395.8146251781664,536.0
2010-02-20 11:00,7.0,2,3,4,31,66,91,0.0,1014,4,10,307,20,2,54.03,1395.8146251781664,641.0
2010-02-20 12:00,7.0,2,3,5,32,68,89,0.0,1013,5,10,309,21,2,51.63,1395.8146251781664,591.0
2010-02-20 13:00,7.0,2,3,5,33,71,89,0.0,1014,5,10,302,21,2,52.89,1395.8146251781664,661.0
2010-02-20 14:00,7.0,2,3,5,33,74,90,0.0,1014,4,10,296,21,2,57.55,1395.8146251781664,575.0
2010-02-20 15:00,7.0,2,3,4,34,77,90,0.0,1014,4,10,289,21,2,64.85,1395.8146251781664,366.0
2010-02-20 16:00,7.0,2,2,3,31,67,90,0.0,1014,3,10,296,18,2,73.98,1395.8146251781664,252.0
2010-02-20 17:00,7.0,2,1,3,27,57,91,0.0,1014,2,10,304,14,2,84.26,1395.8146251781664,68.0
2010-02-21 07:00,11.0,2,-1,0,27,5,90,0.0,1015,0,10,269,16,2,87.44,1395.2128963579373,27.0
2010-02-21 08:00,11.0,2,-1,1,30,7,90,0.0,1015,0,10,280,19,2,76.87,1395.2128963579373,203.0
2010-02-21 09:00,11.0,2,0,1,32,8,90,0.0,1015,1,10,292,22,2,67.29,1395.2128963579373,394.0
2010-02-21 10:00,11.0,2,0,2,32,6,87,0.0,1014,2,10,297,22,2,59.29,1395.2128963579373,554.0
2010-02-21 11:00,11.0,2,1,4,32,4,85,0.0,1014,4,10,302,21,2,53.67,1395.2128963579373,660.0
2010-02-21 12:00,11.0,2,2,5,32,2,83,0.0,1013,5,10,306,21,2,51.27,1395.2128963579373,704.0
2010-02-21 13:00,11.0,2,2,5,32,2,84,0.0,1013,5,10,302,20,2,52.54,1395.2128963579373,681.0
2010-02-21 14:00,11.0,2,2,4,31,2,85,0.0,1014,4,10,298,20,2,57.23,1395.2128963579373,594.0
2010-02-21 15:00,11.0,2,2,4,31,2,86,0.0,1014,4,10,294,19,2,64.57000000000001,1395.2128963579373,451.0
2010-02-21 16:00,11.0,2,2,4,31,2,87,0.0,1014,3,10,303,18,2,73.73,1395.2128963579373,269.0
2010-02-21 17:00,11.0,2,1,3,31,2,87,0.0,1014,3,10,311,16,2,84.03,1395.2128963579373,78.0
2010-02-22 07:00,11.0,2,-3,-1,15,20,85,0.0,1016,-2,10,245,11,2,87.17,1394.6028074476335,31.0
2010-02-22 08:00,11.0,2,-3,0,13,32,83,0.0,1016,-1,10,140,10,2,76.58,1394.6028074476335,209.0
2010-02-22 09:00,11.0,2,-2,1,11,44,80,0.0,1016,1,10,35,9,2,66.98,1394.6028074476335,4.0
2010-02-22 10:00,11.0,2,-1,3,9,40,78,0.0,1015,2,10,83,7,2,58.95,1394.6028074476335,548.0
2010-02-22 11:00,11.0,2,0,4,7,36,76,0.0,1014,3,10,131,6,2,53.32,1394.6028074476335,565.0
2010-02-22 12:00,11.0,2,1,5,5,32,74,0.0,1013,5,10,180,4,2,50.91,1394.6028074476335,594.0
2010-02-22 13:00,11.0,2,1,5,8,37,77,0.0,1013,4,10,161,6,2,52.19,1394.6028074476335,458.0
2010-02-22 14:00,11.0,2,1,4,12,42,81,0.0,1013,4,10,143,8,2,56.91,1394.6028074476335,318.0
2010-02-22 15:00,11.0,2,2,4,15,47,84,0.0,1012,4,10,124,9,2,64.29,1394.6028074476335,116.0
2010-02-22 16:00,11.0,2,1,3,15,51,86,0.0,1012,3,10,125,9,2,73.48,1394.6028074476335,55.0
2010-02-22 17:00,11.0,2,1,2,15,55,88,0.0,1013,2,10,125,8,2,83.81,1394.6028074476335,11.0
2010-02-23 07:00,5.5,1,1,2,31,100,97,0.0,1010,2,10,62,19,2,86.9,1393.9845392297655,29.0
2010-02-23 08:00,5.5,1,2,2,37,100,97,0.0,1010,2,10,69,23,2,76.3,1393.9845392297655,76.0
2010-02-23 09:00,5.5,1,2,2,44,100,97,0.0,1010,2,10,77,27,2,66.66,1393.9845392297655,13.0
2010-02-23 10:00,5.5,1,2,2,39,100,97,0.0,1010,2,10,67,24,2,58.62000000000001,1393.9845392297655,61.0
2010-02-23 11:00,5.5,1,2,2,35,100,97,0.0,1010,2,10,56,21,2,52.95,1393.9845392297655,50.0
2010-02-23 12:00,5.5,1,1,2,30,100,97,0.0,1010,2,10,45,19,2,50.54,1393.9845392297655,25.0
2010-02-23 13:00,5.5,1,2,2,39,100,97,0.0,1009,2,10,54,24,2,51.84,1393.9845392297655,107.0
2010-02-23 14:00,5.5,1,2,2,48,100,97,0.0,1009,2,10,62,30,2,56.59,1393.9845392297655,46.0
2010-02-23 15:00,5.5,1,2,2,57,100,97,0.0,1009,2,10,70,35,2,64.01,1393.9845392297655,46.0
2010-02-23 16:00,5.5,1,2,2,49,100,97,0.0,1008,2,10,53,30,2,73.23,1393.9845392297655,15.0
2010-02-23 17:00,5.5,1,2,2,41,100,97,0.0,1008,2,10,36,25,2,83.58,1393.9845392297655,5.0
2010-02-24 07:00,5.5,1,1,2,32,100,99,0.0,1007,2,10,124,19,2,86.63,1393.3582749105492,33.0
2010-02-24 08:00,5.5,1,1,1,34,100,99,0.0,1006,1,10,239,20,2,76.0,1393.3582749105492,203.0
2010-02-24 09:00,5.5,1,1,1,36,100,99,0.0,1006,1,10,354,22,2,66.35,1393.3582749105492,388.0
2010-02-24 10:00,5.5,1,2,2,31,96,99,0.0,1006,2,10,346,19,2,58.27,1393.3582749105492,541.0
2010-02-24 11:00,5.5,1,2,2,27,91,98,0.0,1007,2,10,337,17,2,52.59,1393.3582749105492,647.0
2010-02-24 12:00,5.5,1,2,3,23,87,98,0.0,1007,2,10,329,14,2,50.17,1393.3582749105492,137.0
2010-02-24 13:00,5.5,1,2,2,23,91,98,0.0,1007,2,10,324,14,2,51.49,1393.3582749105492,235.0
2010-02-24 14:00,5.5,1,2,2,24,96,98,0.0,1006,2,10,318,15,2,56.28,1393.3582749105492,265.0
2010-02-24 15:00,5.5,1,2,2,24,100,98,0.0,1006,2,10,313,15,2,63.73,1393.3582749105492,61.0
2010-02-24 16:00,5.5,1,2,2,20,100,99,0.0,1007,2,7,312,12,2,72.97,1393.3582749105492,57.0
2010-02-24 17:00,5.5,1,1,2,16,100,99,0.0,1007,1,3,311,9,2,83.35000000000002,1393.3582749105492,66.0
2010-02-25 07:00,5.5,1,1,1,9,100,99,0.0,1001,1,0,93,5,2,86.35000000000002,1392.7242000656192,3.0
2010-02-25 08:00,5.5,1,1,1,12,100,99,0.0,999,1,0,64,8,2,75.71000000000002,1392.7242000656192,49.0
2010-02-25 09:00,5.5,1,1,1,16,100,99,0.0,998,1,0,35,10,2,66.03,1392.7242000656192,23.0
2010-02-25 10:00,5.5,1,1,1,18,100,99,0.0,997,1,3,132,11,2,57.93,1392.7242000656192,85.0
2010-02-25 11:00,5.5,1,1,1,21,100,99,0.0,996,1,7,229,13,2,52.22,1392.7242000656192,88.0
2010-02-25 12:00,5.5,1,1,1,23,100,99,0.0,995,1,10,326,14,2,49.8,1392.7242000656192,75.0
2010-02-25 13:00,5.5,1,1,1,28,100,99,0.0,994,1,10,322,17,2,51.13,1392.7242000656192,666.0
2010-02-25 14:00,5.5,1,1,1,33,100,99,0.0,992,1,10,317,20,2,55.96,1392.7242000656192,579.0
2010-02-25 15:00,5.5,1,1,1,37,100,99,0.0,991,1,10,313,23,2,63.44000000000001,1392.7242000656192,26.0
2010-02-25 16:00,5.5,1,0,1,41,100,98,0.0,990,0,10,308,26,2,72.72,1392.7242000656192,9.0
2010-02-25 17:00,5.5,1,0,0,45,100,97,0.0,989,0,10,303,29,2,83.12,1392.7242000656192,11.0
2010-02-26 07:00,5.5,1,-2,-2,26,100,97,0.0,984,-2,7,283,18,2,86.07000000000002,1392.0825025850359,3.0
2010-02-26 08:00,5.5,1,-2,-1,20,100,97,0.0,985,-1,5,308,15,2,75.41,1392.0825025850359,14.0
2010-02-26 09:00,5.5,1,-2,-1,15,100,96,0.0,986,-1,2,333,11,2,65.71000000000001,1392.0825025850359,68.0
2010-02-26 10:00,5.5,1,-1,-1,17,100,97,0.0,988,-1,5,338,12,2,57.58,1392.0825025850359,76.0
2010-02-26 11:00,5.5,1,-1,-1,18,100,97,0.0,989,-1,7,342,13,2,51.85,1392.0825025850359,164.0
2010-02-26 12:00,5.5,1,-1,0,20,100,97,0.0,991,-1,10,347,14,2,49.42,1392.0825025850359,128.0
2010-02-26 13:00,5.5,1,-1,0,21,100,97,0.0,991,0,8,339,15,2,50.78,1392.0825025850359,145.0
2010-02-26 14:00,5.5,1,-1,0,22,100,97,0.0,992,0,7,331,15,2,55.63,1392.0825025850359,175.0
2010-02-26 15:00,5.5,1,0,0,23,100,96,0.0,992,0,5,324,16,2,63.16,1392.0825025850359,357.0
2010-02-26 16:00,5.5,1,-1,0,22,100,96,0.0,993,0,4,320,15,2,72.48,1392.0825025850359,132.0
2010-02-26 17:00,5.5,1,-1,0,20,100,96,0.0,994,0,3,317,13,2,82.9,1392.0825025850359,43.0
2010-02-27 07:00,5.6,1,-3,-2,23,81,98,0.0,999,-2,10,241,14,2,85.78,1391.433372617612,12.0
2010-02-27 08:00,5.6,1,-2,-2,23,83,98,0.0,999,-2,10,235,15,2,75.11,1391.433372617612,121.0
2010-02-27 09:00,5.6,1,-1,-1,22,86,98,0.0,999,-1,10,229,16,2,65.39,1391.433372617612,112.0
2010-02-27 10:00,5.6,1,0,0,19,90,98,0.0,1000,0,7,229,14,2,57.23,1391.433372617612,200.0
2010-02-27 11:00,5.6,1,0,0,16,95,98,0.0,1000,0,3,229,11,2,51.48,1391.433372617612,473.0
2010-02-27 12:00,5.6,1,1,1,13,100,99,0.0,1000,1,0,229,8,2,49.04,1391.433372617612,458.0
2010-02-27 13:00,5.6,1,1,1,16,100,99,0.0,1000,1,3,229,10,2,50.42,1391.433372617612,359.0
2010-02-27 14:00,5.6,1,1,1,19,100,99,0.0,1001,1,7,228,11,2,55.31,1391.433372617612,238.0
2010-02-27 15:00,5.6,1,1,1,22,100,99,0.0,1001,1,10,228,13,2,62.88,1391.433372617612,130.0
2010-02-27 16:00,5.6,1,1,1,19,100,99,0.0,1001,1,7,218,11,2,72.23,1391.433372617612,128.0
2010-02-27 17:00,5.6,1,1,1,17,100,99,0.0,1002,1,3,208,10,2,82.67,1391.433372617612,92.0
2010-02-28 07:00,5.6,1,-3,-2,8,71,98,0.0,1003,-3,0,276,5,2,85.5,1390.7770025145662,29.0
2010-02-28 08:00,5.6,1,-1,-1,9,86,98,0.0,1003,-1,0,301,6,2,74.81,1390.7770025145662,228.0
2010-02-28 09:00,5.6,1,1,1,10,100,99,0.0,1003,1,0,327,7,2,65.06,1390.7770025145662,418.0
2010-02-28 10:00,5.6,1,1,1,7,100,99,0.0,1003,1,0,230,5,2,56.88,1390.7770025145662,575.0
2010-02-28 11:00,5.6,1,2,2,4,100,99,0.0,1003,1,0,133,3,2,51.11,1390.7770025145662,379.0
2010-02-28 12:00,5.6,1,2,2,2,100,99,0.0,1003,2,0,37,1,2,48.66,1390.7770025145662,97.0
2010-02-28 13:00,5.6,1,2,2,6,100,99,0.0,1003,2,0,134,4,2,50.06,1390.7770025145662,278.0
2010-02-28 14:00,5.6,1,2,2,11,100,99,0.0,1003,2,0,231,7,2,54.99,1390.7770025145662,116.0
2010-02-28 15:00,5.6,1,1,2,16,100,99,0.0,1003,1,0,328,10,2,62.6,1390.7770025145662,138.0
2010-02-28 16:00,5.6,1,1,2,14,100,99,0.0,1003,1,0,324,9,2,71.98,1390.7770025145662,101.0
2010-02-28 17:00,5.6,1,1,1,12,100,99,0.0,1004,1,0,320,7,2,82.45,1390.7770025145662,10.0
2010-03-01 07:00,10.1,2,1,1,44,57,94,0.0,1005,1,10,303,24,3,85.21000000000002,1390.1135867725254,37.0
2010-03-01 08:00,10.1,2,1,2,46,70,96,0.0,1005,2,10,307,26,3,74.5,1390.1135867725254,247.0
2010-03-01 09:00,10.1,2,1,2,48,84,97,0.0,1006,2,10,311,28,3,64.73,1390.1135867725254,437.0
2010-03-01 10:00,10.1,2,2,3,45,65,96,0.0,1006,3,10,312,27,3,56.52,1390.1135867725254,589.0
2010-03-01 11:00,10.1,2,4,5,42,46,94,0.0,1006,5,10,313,25,3,50.73,1390.1135867725254,692.0
2010-03-01 12:00,10.1,2,5,6,39,28,93,0.0,1006,6,10,314,23,3,48.28,1390.1135867725254,596.0
2010-03-01 13:00,10.1,2,4,5,40,26,92,0.0,1007,5,10,313,24,3,49.7,1390.1135867725254,579.0
2010-03-01 14:00,10.1,2,4,5,41,25,91,0.0,1007,5,10,313,25,3,54.67,1390.1135867725254,623.0
2010-03-01 15:00,10.1,2,3,5,42,24,91,0.0,1008,5,10,312,26,3,62.32,1390.1135867725254,481.0
2010-03-01 16:00,10.1,2,3,4,40,32,92,0.0,1009,4,10,317,23,3,71.73,1390.1135867725254,299.0
2010-03-01 17:00,10.1,2,2,3,39,41,94,0.0,1010,3,10,322,21,3,82.22,1390.1135867725254,104.0
2010-03-02 07:00,7.1,1,1,2,17,43,96,0.0,1013,1,1,227,9,3,84.91,1389.4433219758919,59.0
2010-03-02 08:00,7.1,1,2,3,14,71,97,0.0,1013,2,1,118,9,3,74.19,1389.4433219758919,178.0
2010-03-02 09:00,7.1,1,3,3,12,100,98,0.0,1014,3,0,10,8,3,64.4,1389.4433219758919,434.0
2010-03-02 10:00,7.1,1,4,4,10,100,98,0.0,1013,4,0,49,7,3,56.16,1389.4433219758919,589.0
2010-03-02 11:00,7.1,1,5,5,8,100,97,0.0,1013,5,0,88,5,3,50.35,1389.4433219758919,572.0
2010-03-02 12:00,7.1,1,6,6,5,100,97,0.0,1012,6,0,128,4,3,47.9,1389.4433219758919,602.0
2010-03-02 13:00,7.1,1,5,6,6,100,97,0.0,1012,5,0,134,4,3,49.34,1389.4433219758919,395.0
2010-03-02 14:00,7.1,1,5,5,7,100,97,0.0,1011,5,0,140,4,3,54.35,1389.4433219758919,380.0
2010-03-02 15:00,7.1,1,4,5,7,100,97,0.0,1011,4,0,146,4,3,62.04,1389.4433219758919,285.0
2010-03-02 16:00,7.1,1,4,4,9,85,97,0.0,1011,4,1,141,5,3,71.48,1389.4433219758919,121.0
2010-03-02 17:00,7.1,1,3,3,11,69,97,0.0,1011,3,1,137,6,3,82.0,1389.4433219758919,50.0
2010-03-03 07:00,5.6,1,0,1,38,100,96,0.0,1004,1,10,30,24,3,84.62,1388.7664067385904,25.0
2010-03-03 08:00,5.6,1,1,1,42,100,96,0.0,1003,1,10,30,27,3,73.88,1388.7664067385904,94.0
2010-03-03 09:00,5.6,1,1,1,47,100,96,0.0,1003,1,10,31,30,3,64.06,1388.7664067385904,267.0
2010-03-03 10:00,5.6,1,1,2,42,100,96,0.0,1002,2,10,27,27,3,55.8,1388.7664067385904,230.0
2010-03-03 11:00,5.6,1,2,2,38,100,96,0.0,1002,2,10,23,24,3,49.97,1388.7664067385904,142.0
2010-03-03 12:00,5.6,1,2,3,34,100,96,0.0,1001,3,10,19,21,3,47.51,1388.7664067385904,181.0
2010-03-03 13:00,5.6,1,2,2,35,100,95,0.0,1001,3,10,16,22,3,48.98,1388.7664067385904,256.0
2010-03-03 14:00,5.6,1,2,2,36,100,94,0.0,1001,2,10,14,22,3,54.03,1388.7664067385904,330.0
2010-03-03 15:00,5.6,1,1,2,37,100,94,0.0,1001,2,10,11,23,3,61.76,1388.7664067385904,259.0
2010-03-03 16:00,5.6,1,2,2,31,100,94,0.0,1002,2,7,125,19,3,71.24,1388.7664067385904,108.0
2010-03-03 17:00,5.6,1,2,2,25,100,95,0.0,1002,2,5,239,15,3,81.78,1388.7664067385904,50.0
2010-03-04 07:00,7.1,1,1,2,22,64,90,0.0,1004,2,10,332,15,3,84.32000000000002,1388.0830416452145,30.0
2010-03-04 08:00,7.1,1,1,3,25,67,88,0.0,1005,3,10,336,18,3,73.57000000000002,1388.0830416452145,145.0
2010-03-04 09:00,7.1,1,1,4,27,69,86,0.0,1005,3,10,341,21,3,63.73,1388.0830416452145,303.0
2010-03-04 10:00,7.1,1,2,4,25,75,84,0.0,1005,4,10,336,19,3,55.44,1388.0830416452145,495.0
2010-03-04 11:00,7.1,1,3,5,23,80,82,0.0,1005,5,10,332,18,3,49.58,1388.0830416452145,617.0
2010-03-04 12:00,7.1,1,3,6,21,85,81,0.0,1005,6,10,327,16,3,47.13,1388.0830416452145,559.0
2010-03-04 13:00,7.1,1,3,6,23,90,82,0.0,1006,6,10,328,17,3,48.62000000000001,1388.0830416452145,566.0
2010-03-04 14:00,7.1,1,3,6,26,95,83,0.0,1006,6,10,330,18,3,53.71,1388.0830416452145,446.0
2010-03-04 15:00,7.1,1,3,5,28,100,85,0.0,1007,5,10,332,18,3,61.48,1388.0830416452145,243.0
2010-03-04 16:00,7.1,1,3,5,26,85,87,0.0,1008,5,10,341,16,3,70.99,1388.0830416452145,167.0
2010-03-04 17:00,7.1,1,2,4,25,69,88,0.0,1009,4,10,350,15,3,81.55,1388.0830416452145,48.0
2010-03-05 07:00,8.6,1,0,2,23,100,90,0.0,1014,2,10,238,16,3,84.02,1387.3934291915903,27.0
2010-03-05 08:00,8.6,1,0,2,27,100,88,0.0,1014,2,10,120,19,3,73.25,1387.3934291915903,78.0
2010-03-05 09:00,8.6,1,0,2,30,100,86,0.0,1015,2,10,3,22,3,63.39,1387.3934291915903,185.0
2010-03-05 10:00,8.6,1,1,3,26,96,84,0.0,1015,3,10,115,19,3,55.08,1387.3934291915903,393.0
2010-03-05 11:00,8.6,1,2,4,22,93,83,0.0,1015,4,10,228,16,3,49.2,1387.3934291915903,514.0
2010-03-05 12:00,8.6,1,2,5,18,89,82,0.0,1015,5,10,340,13,3,46.74,1387.3934291915903,488.0
2010-03-05 13:00,8.6,1,2,5,21,74,81,0.0,1015,5,10,229,15,3,48.25,1387.3934291915903,543.0
2010-03-05 14:00,8.6,1,2,5,24,59,81,0.0,1016,5,10,118,17,3,53.39,1387.3934291915903,425.0
2010-03-05 15:00,8.6,1,2,6,28,45,80,0.0,1016,6,10,7,19,3,61.2,1387.3934291915903,356.0
2010-03-05 16:00,8.6,1,2,5,27,45,83,0.0,1016,5,10,121,17,3,70.75,1387.3934291915903,160.0
2010-03-05 17:00,8.6,1,2,4,26,45,86,0.0,1017,4,10,236,14,3,81.33,1387.3934291915903,83.0
2010-03-06 07:00,11.3,2,-4,1,21,12,73,0.0,1021,0,10,347,14,3,83.72,1386.69777372477,81.0
2010-03-06 08:00,11.3,2,-4,2,21,10,67,0.0,1021,2,10,345,15,3,72.93,1386.69777372477,279.0
2010-03-06 09:00,11.3,2,-4,3,20,7,61,0.0,1021,3,10,343,16,3,63.05,1386.69777372477,471.0
2010-03-06 10:00,11.3,2,-1,5,18,8,61,0.0,1021,5,10,338,14,3,54.71,1386.69777372477,620.0
2010-03-06 11:00,11.3,2,1,7,15,8,62,0.0,1020,7,10,334,13,3,48.81,1386.69777372477,719.0
2010-03-06 12:00,11.3,2,3,10,13,9,62,0.0,1020,9,10,329,11,3,46.35,1386.69777372477,757.0
2010-03-06 13:00,11.3,2,3,9,18,8,66,0.0,1020,8,10,326,13,3,47.89,1386.69777372477,731.0
2010-03-06 14:00,11.3,2,3,8,23,7,70,0.0,1019,8,10,323,15,3,53.06,1386.69777372477,641.0
2010-03-06 15:00,11.3,2,3,7,27,5,74,0.0,1019,7,10,320,18,3,60.92,1386.69777372477,497.0
2010-03-06 16:00,11.3,2,3,7,26,5,79,0.0,1019,6,10,311,16,3,70.5,1386.69777372477,318.0
2010-03-06 17:00,11.3,2,3,6,25,4,85,0.0,1019,5,10,302,14,3,81.11,1386.69777372477,123.0
2010-03-07 07:00,11.3,2,2,4,15,0,85,0.0,1019,2,10,297,12,3,83.41,1385.9962813824825,77.0
2010-03-07 08:00,11.3,2,2,5,17,0,81,0.0,1018,4,10,295,14,3,72.61,1385.9962813824825,264.0
2010-03-07 09:00,11.3,2,2,6,20,0,78,0.0,1018,6,10,292,16,3,62.71,1385.9962813824825,446.0
2010-03-07 10:00,11.3,2,3,7,22,4,76,0.0,1017,7,10,294,16,3,54.34,1385.9962813824825,600.0
2010-03-07 11:00,11.3,2,4,9,24,8,75,0.0,1016,9,10,296,16,3,48.42,1385.9962813824825,695.0
2010-03-07 12:00,11.3,2,6,10,25,12,73,0.0,1016,10,10,297,17,3,45.96,1385.9962813824825,730.0
2010-03-07 13:00,11.3,2,6,10,27,15,75,0.0,1015,10,10,299,18,3,47.53,1385.9962813824825,707.0
2010-03-07 14:00,11.3,2,6,10,29,19,78,0.0,1015,10,10,301,19,3,52.74,1385.9962813824825,617.0
2010-03-07 15:00,11.3,2,6,10,32,22,80,0.0,1015,9,10,303,20,3,60.64,1385.9962813824825,473.0
2010-03-07 16:00,11.3,2,6,9,29,16,84,0.0,1015,9,10,302,17,3,70.26,1385.9962813824825,301.0
2010-03-07 17:00,11.3,2,6,8,26,11,88,0.0,1014,8,10,300,14,3,80.89,1385.9962813824825,112.0
2010-03-08 07:00,11.4,3,2,5,16,3,85,0.0,1013,4,10,298,11,3,83.11,1385.2891600320477,83.0
2010-03-08 08:00,11.4,3,3,6,16,2,80,0.0,1013,5,10,299,13,3,72.29,1385.2891600320477,271.0
2010-03-08 09:00,11.4,3,3,7,17,0,75,0.0,1013,6,10,301,14,3,62.37000000000001,1385.2891600320477,456.0
2010-03-08 10:00,11.4,3,5,9,17,1,74,0.0,1012,8,10,299,14,3,53.97,1385.2891600320477,605.0
2010-03-08 11:00,11.4,3,6,11,17,2,72,0.0,1012,10,10,297,14,3,48.03,1385.2891600320477,703.0
2010-03-08 12:00,11.4,3,8,13,18,3,71,0.0,1011,12,10,295,13,3,45.57,1385.2891600320477,741.0
2010-03-08 13:00,11.4,3,8,13,23,4,72,0.0,1011,12,10,294,15,3,47.16,1385.2891600320477,712.0
2010-03-08 14:00,11.4,3,8,12,28,4,73,0.0,1010,12,10,294,18,3,52.42,1385.2891600320477,622.0
2010-03-08 15:00,11.4,3,7,12,34,4,74,0.0,1010,12,10,293,20,3,60.37000000000001,1385.2891600320477,480.0
2010-03-08 16:00,11.4,3,7,11,32,4,79,0.0,1010,11,10,300,18,3,70.02,1385.2891600320477,310.0
2010-03-08 17:00,11.4,3,7,10,30,4,84,0.0,1010,9,10,306,15,3,80.67,1385.2891600320477,120.0
2010-03-09 07:00,11.4,3,5,7,20,4,87,0.0,1015,6,10,306,13,3,82.8,1384.5766192087833,88.0
2010-03-09 08:00,11.4,3,5,8,21,6,82,0.0,1015,8,10,308,15,3,71.97,1384.5766192087833,278.0
2010-03-09 09:00,11.4,3,5,9,22,7,76,0.0,1015,9,10,310,16,3,62.02,1384.5766192087833,463.0
2010-03-09 10:00,11.4,3,6,10,20,6,72,0.0,1015,10,10,310,15,3,53.6,1384.5766192087833,611.0
2010-03-09 11:00,11.4,3,6,12,18,5,68,0.0,1014,11,10,310,14,3,47.64,1384.5766192087833,709.0
2010-03-09 12:00,11.4,3,6,13,17,4,64,0.0,1014,12,10,310,13,3,45.18,1384.5766192087833,747.0
2010-03-09 13:00,11.4,3,7,13,16,6,65,0.0,1014,12,10,308,12,3,46.8,1384.5766192087833,716.0
2010-03-09 14:00,11.4,3,7,13,16,7,66,0.0,1014,12,10,305,11,3,52.1,1384.5766192087833,627.0
2010-03-09 15:00,11.4,3,7,13,15,9,67,0.0,1014,12,10,302,10,3,60.09,1384.5766192087833,485.0
2010-03-09 16:00,11.4,3,7,11,12,9,74,0.0,1014,10,10,297,8,3,69.77,1384.5766192087833,313.0
2010-03-09 17:00,11.4,3,7,10,10,9,82,0.0,1014,9,10,293,6,3,80.45,1384.5766192087833,121.0
2010-03-10 07:00,11.4,3,5,6,13,6,89,0.0,1017,5,10,67,9,3,82.49,1383.8588700539128,86.0
2010-03-10 08:00,11.4,3,5,8,11,7,84,0.0,1017,7,10,78,9,3,71.65,1383.8588700539128,230.0
2010-03-10 09:00,11.4,3,5,9,10,8,79,0.0,1017,8,10,89,9,3,61.67,1383.8588700539128,349.0
2010-03-10 10:00,11.4,3,5,9,10,21,76,0.0,1017,9,10,89,8,3,53.23,1383.8588700539128,506.0
2010-03-10 11:00,11.4,3,5,10,10,35,73,0.0,1017,9,10,88,8,3,47.24,1383.8588700539128,555.0
2010-03-10 12:00,11.4,3,5,11,10,48,70,0.0,1017,10,10,88,8,3,44.78,1383.8588700539128,458.0
2010-03-10 13:00,11.4,3,5,10,12,39,71,0.0,1016,10,10,100,9,3,46.43,1383.8588700539128,478.0
2010-03-10 14:00,11.4,3,5,10,14,30,72,0.0,1016,10,10,113,10,3,51.78,1383.8588700539128,514.0
2010-03-10 15:00,11.4,3,6,10,16,21,73,0.0,1016,10,10,125,11,3,59.82,1383.8588700539128,274.0
2010-03-10 16:00,11.4,3,5,9,14,28,77,0.0,1016,8,10,116,9,3,69.53,1383.8588700539128,33.0
2010-03-10 17:00,11.4,3,4,7,13,36,81,0.0,1016,7,10,106,7,3,80.23,1383.8588700539128,13.0
2010-03-11 07:00,10.1,3,5,7,21,42,90,0.0,1018,7,10,82,12,3,82.18,1383.136125252001,3.0
2010-03-11 08:00,10.1,3,6,8,21,31,87,0.0,1018,8,10,92,14,3,71.32000000000002,1383.136125252001,46.0
2010-03-11 09:00,10.1,3,7,9,22,21,84,0.0,1018,9,10,103,16,3,61.33,1383.136125252001,85.0
2010-03-11 10:00,10.1,3,7,10,20,28,81,0.0,1018,10,10,98,15,3,52.85,1383.136125252001,84.0
2010-03-11 11:00,10.1,3,6,10,19,36,79,0.0,1018,10,10,94,15,3,46.85,1383.136125252001,212.0
2010-03-11 12:00,10.1,3,6,10,17,43,76,0.0,1018,10,10,89,14,3,44.39,1383.136125252001,308.0
2010-03-11 13:00,10.1,3,6,10,20,53,79,0.0,1018,10,10,94,15,3,46.07,1383.136125252001,378.0
2010-03-11 14:00,10.1,3,6,9,24,63,83,0.0,1018,9,10,98,16,3,51.47,1383.136125252001,412.0
2010-03-11 15:00,10.1,3,7,9,27,74,87,0.0,1018,9,10,103,18,3,59.54,1383.136125252001,137.0
2010-03-11 16:00,10.1,3,6,8,25,69,88,0.0,1018,8,10,89,16,3,69.29,1383.136125252001,164.0
2010-03-11 17:00,10.1,3,6,7,23,64,90,0.0,1018,7,10,75,15,3,80.01,1383.136125252001,18.0
2010-03-12 07:00,5.7,2,4,5,30,100,93,0.0,1019,5,10,56,19,3,81.87,1382.408598967931,2.0
2010-03-12 08:00,5.7,2,5,6,35,100,94,0.0,1019,6,10,64,22,3,70.99,1382.408598967931,8.0
2010-03-12 09:00,5.7,2,5,6,40,100,94,0.0,1019,6,10,72,26,3,60.98,1382.408598967931,7.0
2010-03-12 10:00,5.7,2,5,6,38,100,94,0.0,1019,6,10,71,24,3,52.48,1382.408598967931,29.0
2010-03-12 11:00,5.7,2,5,6,35,100,93,0.0,1019,6,10,69,22,3,46.45,1382.408598967931,34.0
2010-03-12 12:00,5.7,2,5,6,33,100,92,0.0,1019,6,10,68,20,3,43.99,1382.408598967931,83.0
2010-03-12 13:00,5.7,2,5,6,39,100,93,0.0,1019,6,10,70,24,3,45.7,1382.408598967931,78.0
2010-03-12 14:00,5.7,2,5,6,46,100,93,0.0,1019,6,10,72,28,3,51.15,1382.408598967931,15.0
2010-03-12 15:00,5.7,2,5,6,53,100,93,0.0,1018,6,10,73,32,3,59.27,1382.408598967931,153.0
2010-03-12 16:00,5.7,2,5,6,49,100,93,0.0,1018,6,10,71,30,3,69.06,1382.408598967931,80.0
2010-03-12 17:00,5.7,2,4,6,45,100,92,0.0,1018,6,10,69,28,3,79.8,1382.408598967931,7.0
2010-03-13 07:00,5.9,2,4,5,64,100,92,0.0,1011,5,10,64,41,3,81.55,1381.6765067834422,8.0
2010-03-13 08:00,5.9,2,5,6,75,100,93,0.0,1010,6,10,69,46,3,70.67,1381.6765067834422,11.0
2010-03-13 09:00,5.9,2,5,6,85,100,94,0.0,1010,6,10,73,51,3,60.63,1381.6765067834422,18.0
2010-03-13 10:00,5.9,2,5,6,81,100,93,0.0,1008,6,10,73,48,3,52.1,1381.6765067834422,48.0
2010-03-13 11:00,5.9,2,6,7,77,100,93,0.0,1007,7,10,73,45,3,46.06,1381.6765067834422,65.0
2010-03-13 12:00,5.9,2,6,7,73,100,92,0.0,1006,7,10,74,43,3,43.6,1381.6765067834422,58.0
2010-03-13 13:00,5.9,2,6,7,80,100,93,0.0,1005,7,10,73,47,3,45.34,1381.6765067834422,45.0
2010-03-13 14:00,5.9,2,6,7,87,100,94,0.0,1004,7,10,72,51,3,50.83,1381.6765067834422,46.0
2010-03-13 15:00,5.9,2,6,7,94,100,95,0.0,1002,7,10,70,55,3,59.0,1381.6765067834422,37.0
2010-03-13 16:00,5.9,2,6,7,90,100,94,0.0,1002,7,10,72,53,3,68.82000000000001,1381.6765067834422,10.0
2010-03-13 17:00,5.9,2,6,7,86,100,94,0.0,1001,7,10,74,50,3,79.58,1381.6765067834422,8.0
2010-03-13 18:00,5.9,2,6,7,81,100,94,0.0,1001,7,10,76,47,3,90.8,1381.6765067834422,0.0
2010-03-14 07:00,6.0,2,6,7,28,100,95,0.0,1000,7,10,58,17,3,81.24,1380.9400656332482,97.0
2010-03-14 08:00,6.0,2,7,7,29,100,96,0.1,1000,7,10,58,18,3,70.34,1380.9400656332482,124.0
2010-03-14 09:00,6.0,2,7,8,31,100,97,0.2,1000,8,10,58,19,3,60.28,1380.9400656332482,18.0
2010-03-14 10:00,6.0,2,7,8,30,100,96,0.1,1001,8,10,53,19,3,51.73,1380.9400656332482,198.0
2010-03-14 11:00,6.0,2,7,8,29,100,95,0.0,1001,8,10,49,18,3,45.66,1380.9400656332482,192.0
2010-03-14 12:00,6.0,2,7,8,28,100,94,0.0,1001,8,10,44,18,3,43.2,1380.9400656332482,212.0
2010-03-14 13:00,6.0,2,7,7,34,100,94,0.0,1001,7,10,42,21,3,44.97,1380.9400656332482,66.0
2010-03-14 14:00,6.0,2,6,7,40,100,94,0.0,1001,7,10,40,25,3,50.52,1380.9400656332482,79.0
2010-03-14 15:00,6.0,2,6,7,45,100,94,0.1,1001,7,10,38,29,3,58.73,1380.9400656332482,117.0
2010-03-14 16:00,6.0,2,6,7,41,100,95,0.0,1002,7,10,29,26,3,68.58,1380.9400656332482,41.0
2010-03-14 17:00,6.0,2,6,6,37,100,95,0.0,1002,6,10,20,23,3,79.37,1380.9400656332482,3.0
2010-03-14 18:00,6.0,2,5,6,33,100,96,0.0,1002,6,10,11,20,3,90.6,1380.9400656332482,0.0
2010-03-15 07:00,6.0,1,4,5,34,100,94,0.0,1001,5,10,19,21,3,80.92,1380.1994937407558,12.0
2010-03-15 08:00,6.0,1,4,5,40,100,94,0.0,1002,5,10,23,25,3,70.01,1380.1994937407558,17.0
2010-03-15 09:00,6.0,1,4,5,45,100,93,0.0,1002,5,10,26,29,3,59.93,1380.1994937407558,127.0
2010-03-15 10:00,6.0,1,4,5,41,100,93,0.0,1002,5,10,25,26,3,51.35,1380.1994937407558,48.0
2010-03-15 11:00,6.0,1,4,5,37,100,92,0.0,1003,5,10,23,23,3,45.26,1380.1994937407558,107.0
2010-03-15 12:00,6.0,1,4,6,33,100,92,0.0,1003,6,10,21,20,3,42.81,1380.1994937407558,119.0
2010-03-15 13:00,6.0,1,4,5,39,100,92,0.0,1004,5,10,23,24,3,44.61,1380.1994937407558,50.0
2010-03-15 14:00,6.0,1,4,5,45,100,91,0.0,1004,5,10,24,28,3,50.2,1380.1994937407558,24.0
2010-03-15 15:00,6.0,1,3,4,51,100,91,0.0,1005,4,10,25,32,3,58.46,1380.1994937407558,119.0
2010-03-15 16:00,6.0,1,3,4,45,100,91,0.0,1006,4,10,27,28,3,68.35000000000001,1380.1994937407558,45.0
2010-03-15 17:00,6.0,1,3,4,39,100,92,0.0,1007,4,10,29,24,3,79.15,1380.1994937407558,5.0
2010-03-15 18:00,6.0,1,3,5,33,100,92,0.0,1008,5,10,31,20,3,90.39,1380.1994937407558,0.0
2010-03-16 07:00,11.6,2,2,6,30,11,75,0.0,1014,6,10,16,18,3,80.61,1379.4550105534,56.0
2010-03-16 08:00,11.6,2,2,7,30,9,70,0.0,1014,7,10,18,20,3,69.68,1379.4550105534,198.0
2010-03-16 09:00,11.6,2,2,8,31,7,65,0.0,1015,8,10,20,21,3,59.58,1379.4550105534,424.0
2010-03-16 10:00,11.6,2,4,11,24,6,62,0.0,1014,10,10,133,17,3,50.97,1379.4550105534,677.0
2010-03-16 11:00,11.6,2,6,13,16,5,60,0.0,1014,12,10,246,12,3,44.86,1379.4550105534,775.0
2010-03-16 12:00,11.6,2,8,16,9,4,58,0.0,1014,14,10,359,8,3,42.41,1379.4550105534,810.0
2010-03-16 13:00,11.6,2,7,16,9,3,57,0.0,1014,14,10,245,8,3,44.25,1379.4550105534,780.0
2010-03-16 14:00,11.6,2,7,15,10,1,56,0.0,1014,13,10,131,8,3,49.89,1379.4550105534,687.0
2010-03-16 15:00,11.6,2,6,15,10,0,55,0.0,1014,13,10,16,9,3,58.19,1379.4550105534,540.0
2010-03-16 16:00,11.6,2,6,13,9,0,64,0.0,1015,11,10,23,7,3,68.11,1379.4550105534,355.0
2010-03-16 17:00,11.6,2,7,12,7,0,73,0.0,1015,9,10,29,5,3,78.94,1379.4550105534,155.0
2010-03-16 18:00,11.6,2,8,10,6,0,82,0.0,1015,7,10,35,3,3,90.19,1379.4550105534,0.0
2010-03-17 07:00,11.6,3,8,10,8,3,87,0.0,1017,7,5,99,6,3,80.29,1378.7068366776157,132.0
2010-03-17 08:00,11.6,3,8,11,6,6,79,0.0,1017,9,7,184,5,3,69.35000000000001,1378.7068366776157,334.0
2010-03-17 09:00,11.6,3,8,13,5,8,71,0.0,1017,11,10,269,4,3,59.23,1378.7068366776157,522.0
2010-03-17 10:00,11.6,3,7,14,5,6,64,0.0,1017,12,10,260,4,3,50.6,1378.7068366776157,674.0
2010-03-17 11:00,11.6,3,7,15,5,5,57,0.0,1016,14,10,250,5,3,44.46,1378.7068366776157,770.0
2010-03-17 12:00,11.6,3,6,17,5,4,50,0.0,1015,15,10,241,5,3,42.01,1378.7068366776157,804.0
2010-03-17 13:00,11.6,3,7,17,7,2,53,0.0,1015,15,10,239,6,3,43.88,1378.7068366776157,772.0
2010-03-17 14:00,11.6,3,8,17,9,1,56,0.0,1014,15,10,236,8,3,49.58,1378.7068366776157,680.0
2010-03-17 15:00,11.6,3,9,17,10,0,59,0.0,1014,15,10,233,9,3,57.93,1378.7068366776157,536.0
2010-03-17 16:00,11.6,3,8,15,12,0,63,0.0,1014,13,10,233,9,3,67.88,1378.7068366776157,357.0
2010-03-17 17:00,11.6,3,7,13,14,0,66,0.0,1013,11,10,234,8,3,78.73,1378.7068366776157,157.0
2010-03-17 18:00,11.6,3,6,11,16,0,69,0.0,1013,9,10,234,8,3,89.98,1378.7068366776157,0.0
2010-03-18 07:00,11.6,3,7,12,10,4,75,0.0,1011,9,10,294,6,3,79.97,1377.9551938134696,133.0
2010-03-18 08:00,11.6,3,7,13,9,7,68,0.0,1011,11,10,279,7,3,69.02,1377.9551938134696,334.0
2010-03-18 09:00,11.6,3,6,14,9,11,62,0.0,1011,13,10,264,7,3,58.88,1377.9551938134696,523.0
2010-03-18 10:00,11.6,3,6,15,10,17,57,0.0,1010,14,10,260,7,3,50.22,1377.9551938134696,674.0
2010-03-18 11:00,11.6,3,6,16,10,22,53,0.0,1009,15,10,256,7,3,44.07,1377.9551938134696,771.0
2010-03-18 12:00,11.6,3,6,17,11,27,48,0.0,1009,16,10,252,7,3,41.62,1377.9551938134696,807.0
2010-03-18 13:00,11.6,3,7,17,11,20,51,0.0,1008,16,10,246,8,3,43.52,1377.9551938134696,642.0
2010-03-18 14:00,11.6,3,8,17,12,12,54,0.0,1008,16,10,240,8,3,49.27,1377.9551938134696,687.0
2010-03-18 15:00,11.6,3,9,17,12,4,57,0.0,1007,16,10,235,9,3,57.66,1377.9551938134696,544.0
2010-03-18 16:00,11.6,3,7,15,13,15,63,0.0,1007,14,10,231,8,3,67.65,1377.9551938134696,361.0
2010-03-18 17:00,11.6,3,6,12,14,25,69,0.0,1007,12,10,227,8,3,78.52,1377.9551938134696,162.0
2010-03-18 18:00,11.6,3,5,10,15,36,75,0.0,1007,9,10,223,7,3,89.78,1377.9551938134696,0.0
2010-03-19 07:00,11.6,4,9,14,12,0,72,0.0,1010,10,10,309,6,3,79.65,1377.2003046889645,132.0
2010-03-19 08:00,11.6,4,10,17,8,0,65,0.0,1011,12,10,281,5,3,68.69,1377.2003046889645,327.0
2010-03-19 09:00,11.6,4,11,19,4,0,57,0.0,1011,15,10,253,4,3,58.52,1377.2003046889645,512.0
2010-03-19 10:00,11.6,4,9,19,7,1,53,0.0,1011,15,10,242,6,3,49.84,1377.2003046889645,641.0
2010-03-19 11:00,11.6,4,8,19,10,2,49,0.0,1011,16,10,230,8,3,43.67,1377.2003046889645,739.0
2010-03-19 12:00,11.6,4,6,18,13,3,45,0.0,1010,17,10,218,10,3,41.22,1377.2003046889645,777.0
2010-03-19 13:00,11.6,4,7,18,15,4,49,0.0,1010,17,10,220,10,3,43.16,1377.2003046889645,749.0
2010-03-19 14:00,11.6,4,8,18,18,6,53,0.0,1010,17,10,223,11,3,48.96,1377.2003046889645,664.0
2010-03-19 15:00,11.6,4,9,18,20,7,57,0.0,1010,17,10,225,12,3,57.4,1377.2003046889645,526.0
2010-03-19 16:00,11.6,4,8,16,21,6,62,0.0,1011,15,10,221,12,3,67.42,1377.2003046889645,341.0
2010-03-19 17:00,11.6,4,7,14,22,5,66,0.0,1011,13,10,217,11,3,78.31,1377.2003046889645,150.0
2010-03-19 18:00,11.6,4,7,12,23,4,70,0.0,1011,11,10,213,11,3,89.58,1377.2003046889645,0.0
2010-03-20 06:00,11.6,4,9,11,10,10,92,0.0,1015,9,10,292,5,3,90.65,1376.442392994039,0.0
2010-03-20 07:00,11.6,4,10,13,8,13,82,0.0,1015,12,10,274,5,3,79.34,1376.442392994039,136.0
2010-03-20 08:00,11.6,4,10,15,7,16,73,0.0,1016,14,10,256,5,3,68.36,1376.442392994039,333.0
2010-03-20 09:00,11.6,4,10,17,6,19,63,0.0,1016,16,10,237,5,3,58.17,1376.442392994039,519.0
2010-03-20 10:00,11.6,4,9,18,10,20,58,0.0,1016,17,10,228,7,3,49.46,1376.442392994039,665.0
2010-03-20 11:00,11.6,4,8,18,14,21,53,0.0,1015,18,10,219,9,3,43.27,1376.442392994039,758.0
2010-03-20 12:00,11.6,4,7,19,19,22,48,0.0,1015,18,10,210,12,3,40.82,1376.442392994039,789.0
2010-03-20 13:00,11.6,4,9,19,20,16,52,0.0,1015,18,10,210,13,3,42.8,1376.442392994039,755.0
2010-03-20 14:00,11.6,4,10,18,22,11,57,0.0,1015,18,10,210,13,3,48.65,1376.442392994039,666.0
2010-03-20 15:00,11.6,4,11,18,24,6,61,0.0,1015,18,10,210,14,3,57.14,1376.442392994039,524.0
2010-03-20 16:00,11.6,4,10,17,24,5,65,0.0,1015,16,10,207,13,3,67.19,1376.442392994039,347.0
2010-03-20 17:00,11.6,4,9,15,24,4,68,0.0,1016,14,10,204,12,3,78.10000000000002,1376.442392994039,129.0
2010-03-20 18:00,11.6,4,8,13,24,3,71,0.0,1016,12,10,200,12,3,89.37,1376.442392994039,0.0
2010-03-21 06:00,11.6,4,7,9,23,12,88,0.0,1019,8,10,69,13,3,90.33,1375.6816833142861,0.0
2010-03-21 07:00,11.6,4,7,10,20,12,84,0.0,1019,9,10,83,12,3,79.02,1375.6816833142861,134.0
2010-03-21 08:00,11.6,4,8,11,18,11,79,0.0,1019,11,10,98,12,3,68.03,1375.6816833142861,324.0
2010-03-21 09:00,11.6,4,8,12,16,11,75,0.0,1020,12,10,112,12,3,57.82,1375.6816833142861,374.0
2010-03-21 10:00,11.6,4,8,13,16,12,72,0.0,1019,12,10,98,12,3,49.09,1375.6816833142861,654.0
2010-03-21 11:00,11.6,4,8,13,16,13,69,0.0,1018,13,10,85,13,3,42.87,1375.6816833142861,746.0
2010-03-21 12:00,11.6,4,7,14,16,14,66,0.0,1018,13,10,72,13,3,40.43,1375.6816833142861,775.0
2010-03-21 13:00,11.6,4,8,14,16,11,68,0.0,1017,13,10,96,12,3,42.44,1375.6816833142861,738.0
2010-03-21 14:00,11.6,4,9,14,16,9,71,0.0,1017,14,10,120,12,3,48.34,1375.6816833142861,641.0
2010-03-21 15:00,11.6,4,10,14,16,7,73,0.0,1017,14,10,144,12,3,56.88,1375.6816833142861,389.0
2010-03-21 16:00,11.6,4,9,13,13,12,78,0.0,1017,12,10,134,9,3,66.97,1375.6816833142861,270.0
2010-03-21 17:00,11.6,4,8,12,11,18,82,0.0,1017,11,10,125,7,3,77.89,1375.6816833142861,69.0
2010-03-21 18:00,11.6,4,8,10,9,23,86,0.0,1017,9,10,116,4,3,89.17,1375.6816833142861,0.0
2010-03-22 06:00,6.3,4,9,9,11,76,95,0.0,1016,9,2,81,6,3,90.02,1374.918401064401,0.0
2010-03-22 07:00,6.3,4,9,10,13,82,96,0.0,1016,9,5,98,8,3,78.7,1374.918401064401,4.0
2010-03-22 08:00,6.3,4,9,10,15,87,96,0.1,1016,10,7,116,9,3,67.7,1374.918401064401,12.0
2010-03-22 09:00,6.3,4,10,10,17,92,97,0.1,1016,10,10,133,10,3,57.47,1374.918401064401,23.0
2010-03-22 10:00,6.3,4,10,10,18,91,96,0.1,1015,10,10,123,11,3,48.71,1374.918401064401,115.0
2010-03-22 11:00,6.3,4,10,11,20,89,95,0.0,1015,11,10,114,12,3,42.47,1374.918401064401,93.0
2010-03-22 12:00,6.3,4,10,11,22,88,94,0.0,1014,11,10,104,13,3,40.03,1374.918401064401,121.0
2010-03-22 13:00,6.3,4,10,11,26,86,95,0.0,1013,11,7,108,15,3,42.08,1374.918401064401,68.0
2010-03-22 14:00,6.3,4,10,11,30,85,95,0.1,1013,11,5,112,17,3,48.04,1374.918401064401,81.0
2010-03-22 15:00,6.3,4,10,11,34,84,96,0.2,1012,11,2,116,19,3,56.62000000000001,1374.918401064401,36.0
2010-03-22 16:00,6.3,4,10,11,33,89,96,0.1,1011,11,5,115,19,3,66.74,1374.918401064401,27.0
2010-03-22 17:00,6.3,4,10,11,33,95,96,0.0,1010,11,7,115,18,3,77.68,1374.918401064401,9.0
2010-03-22 18:00,6.3,4,10,11,33,100,96,0.0,1009,11,10,115,17,3,88.97,1374.918401064401,0.0
2010-03-23 06:00,6.3,2,8,9,11,71,94,0.0,1002,9,10,125,8,3,89.71000000000002,1374.1527724213875,0.0
2010-03-23 07:00,6.3,2,8,9,10,70,93,0.0,1002,9,10,116,8,3,78.38,1374.1527724213875,73.0
2010-03-23 08:00,6.3,2,9,10,10,69,92,0.0,1001,9,10,108,8,3,67.37,1374.1527724213875,131.0
2010-03-23 09:00,6.3,2,9,10,9,68,91,0.0,1001,10,10,100,8,3,57.12000000000001,1374.1527724213875,45.0
2010-03-23 10:00,6.3,2,8,10,10,78,91,0.0,1000,10,10,89,8,3,48.33,1374.1527724213875,257.0
2010-03-23 11:00,6.3,2,8,10,11,89,90,0.0,1000,10,10,79,9,3,42.07,1374.1527724213875,142.0
2010-03-23 12:00,6.3,2,8,10,12,100,89,0.0,999,9,10,68,9,3,39.63,1374.1527724213875,135.0
2010-03-23 13:00,6.3,2,8,9,11,100,91,0.0,999,9,7,48,8,3,41.73,1374.1527724213875,99.0
2010-03-23 14:00,6.3,2,8,9,11,100,93,0.0,999,9,5,27,8,3,47.73,1374.1527724213875,51.0
2010-03-23 15:00,6.3,2,8,9,10,100,95,0.0,999,9,2,6,7,3,56.36,1374.1527724213875,47.0
2010-03-23 16:00,6.3,2,8,9,12,100,96,0.0,999,9,1,87,8,3,66.51,1374.1527724213875,12.0
2010-03-23 17:00,6.3,2,8,9,14,100,97,0.0,999,9,1,167,8,3,77.48,1374.1527724213875,23.0
2010-03-23 18:00,6.3,2,8,9,16,100,98,0.0,999,9,0,247,9,3,88.77,1374.1527724213875,1.0
2010-03-24 06:00,11.6,2,2,5,46,58,84,0.0,1007,5,10,307,27,3,89.39,1373.385024257536,0.0
2010-03-24 07:00,11.6,2,3,6,42,39,80,0.0,1007,6,10,306,27,3,78.06,1373.385024257536,159.0
2010-03-24 08:00,11.6,2,3,7,39,19,75,0.0,1008,7,10,305,27,3,67.04,1373.385024257536,364.0
2010-03-24 09:00,11.6,2,3,8,35,0,70,0.0,1009,8,10,305,27,3,56.77,1373.385024257536,555.0
2010-03-24 10:00,11.6,2,3,9,36,0,65,0.0,1009,9,10,305,26,3,47.96,1373.385024257536,707.0
2010-03-24 11:00,11.6,2,3,10,37,0,59,0.0,1009,10,10,305,26,3,41.67,1373.385024257536,802.0
2010-03-24 12:00,11.6,2,2,12,38,0,53,0.0,1009,12,10,306,25,3,39.24,1373.385024257536,837.0
2010-03-24 13:00,11.6,2,3,12,37,0,55,0.0,1010,12,10,305,24,3,41.37,1373.385024257536,808.0
2010-03-24 14:00,11.6,2,4,12,36,0,57,0.0,1011,12,10,305,22,3,47.43,1373.385024257536,715.0
2010-03-24 15:00,11.6,2,4,12,34,0,59,0.0,1012,12,10,305,21,3,56.11,1373.385024257536,568.0
2010-03-24 16:00,11.6,2,4,11,31,0,61,0.0,1013,11,10,306,18,3,66.29,1373.385024257536,383.0
2010-03-24 17:00,11.6,2,4,11,29,0,63,0.0,1014,10,10,306,15,3,77.27,1373.385024257536,180.0
2010-03-24 18:00,11.6,2,4,10,26,0,66,0.0,1014,9,10,306,12,3,88.57000000000002,1373.385024257536,13.0
2010-03-25 06:00,9.0,3,7,9,6,21,91,0.0,1017,8,10,190,3,3,89.08,1372.615384073197,0.0
2010-03-25 07:00,9.0,3,7,10,10,29,83,0.0,1016,9,10,184,6,3,77.75,1372.615384073197,156.0
2010-03-25 08:00,9.0,3,6,11,14,37,74,0.0,1016,11,10,179,9,3,66.71000000000001,1372.615384073197,344.0
2010-03-25 09:00,9.0,3,6,12,19,45,66,0.0,1015,12,10,173,13,3,56.42,1372.615384073197,520.0
2010-03-25 10:00,9.0,3,6,12,19,52,69,0.0,1014,12,10,172,12,3,47.58,1372.615384073197,228.0
2010-03-25 11:00,9.0,3,7,12,19,58,71,0.0,1013,12,10,171,11,3,41.27,1372.615384073197,129.0
2010-03-25 12:00,9.0,3,7,12,19,65,73,0.0,1011,11,10,170,11,3,38.85,1372.615384073197,209.0
2010-03-25 13:00,9.0,3,8,12,24,61,76,0.0,1010,12,10,177,14,3,41.01,1372.615384073197,576.0
2010-03-25 14:00,9.0,3,9,13,29,57,78,0.0,1009,12,10,184,17,3,47.13,1372.615384073197,394.0
2010-03-25 15:00,9.0,3,10,13,35,54,81,0.0,1008,13,10,191,20,3,55.85,1372.615384073197,345.0
2010-03-25 16:00,9.0,3,9,12,32,62,81,0.0,1008,12,10,191,18,3,66.07000000000001,1372.615384073197,138.0
2010-03-25 17:00,9.0,3,8,11,30,69,82,0.0,1007,11,10,192,15,3,77.07000000000002,1372.615384073197,53.0
2010-03-25 18:00,9.0,3,8,11,27,77,82,0.0,1006,11,10,193,13,3,88.37,1372.615384073197,3.0
2010-03-26 06:00,11.6,1,3,4,37,100,89,0.0,1007,4,10,12,25,3,88.77,1371.8440799293671,1.0
2010-03-26 07:00,11.6,1,2,3,40,85,88,0.0,1008,3,10,12,28,3,77.43,1371.8440799293671,32.0
2010-03-26 08:00,11.6,1,1,3,43,71,86,0.0,1009,3,10,11,31,3,66.38,1371.8440799293671,81.0
2010-03-26 09:00,11.6,1,0,2,46,56,85,0.0,1009,2,10,11,33,3,56.07,1371.8440799293671,163.0
2010-03-26 10:00,11.6,1,-1,3,40,49,79,0.0,1010,3,10,10,30,3,47.2,1371.8440799293671,269.0
2010-03-26 11:00,11.6,1,-1,4,34,41,73,0.0,1011,3,10,10,26,3,40.88,1371.8440799293671,469.0
2010-03-26 12:00,11.6,1,-1,4,28,33,67,0.0,1011,4,10,9,22,3,38.45,1371.8440799293671,672.0
2010-03-26 13:00,11.6,1,-2,4,31,24,66,0.0,1012,4,10,11,23,3,40.66,1371.8440799293671,808.0
2010-03-26 14:00,11.6,1,-2,4,33,15,65,0.0,1013,4,10,12,25,3,46.83,1371.8440799293671,722.0
2010-03-26 15:00,11.6,1,-2,4,36,7,64,0.0,1014,4,10,14,26,3,55.6,1371.8440799293671,582.0
2010-03-26 16:00,11.6,1,-2,4,36,15,66,0.0,1015,4,10,11,24,3,65.85,1371.8440799293671,315.0
2010-03-26 17:00,11.6,1,-3,3,35,23,68,0.0,1016,3,10,9,21,3,76.86,1371.8440799293671,132.0
2010-03-26 18:00,11.6,1,-3,2,35,32,70,0.0,1017,2,10,6,18,3,88.17,1371.8440799293671,12.0
2010-03-27 06:00,11.6,2,-11,-1,22,0,47,0.0,1029,-1,10,33,17,3,88.45,1371.0713403801103,15.0
2010-03-27 07:00,11.6,2,-11,0,20,0,44,0.0,1029,0,10,42,15,3,77.12,1371.0713403801103,187.0
2010-03-27 08:00,11.6,2,-11,1,17,0,40,0.0,1030,1,10,51,14,3,66.06,1371.0713403801103,393.0
2010-03-27 09:00,11.6,2,-10,3,15,0,37,0.0,1030,2,10,61,13,3,55.73,1371.0713403801103,578.0
2010-03-27 10:00,11.6,2,-10,3,13,9,37,0.0,1030,2,10,81,11,3,46.83,1371.0713403801103,726.0
2010-03-27 11:00,11.6,2,-9,4,11,18,37,0.0,1029,3,10,101,10,3,40.48,1371.0713403801103,817.0
2010-03-27 12:00,11.6,2,-9,4,10,28,37,0.0,1029,4,10,121,9,3,38.06,1371.0713403801103,843.0
2010-03-27 13:00,11.6,2,-8,4,12,21,41,0.0,1029,4,10,131,10,3,40.31,1371.0713403801103,801.0
2010-03-27 14:00,11.6,2,-7,4,15,14,45,0.0,1029,4,10,142,12,3,46.53,1371.0713403801103,614.0
2010-03-27 15:00,11.6,2,-6,4,17,7,49,0.0,1029,4,10,152,14,3,55.35,1371.0713403801103,437.0
2010-03-27 16:00,11.6,2,-5,3,17,17,56,0.0,1029,3,10,153,13,3,65.63,1371.0713403801103,285.0
2010-03-27 17:00,11.6,2,-5,2,18,27,63,0.0,1029,1,10,155,12,3,76.66,1371.0713403801103,135.0
2010-03-27 18:00,11.6,2,-4,0,18,36,71,0.0,1029,0,10,156,11,3,87.97,1371.0713403801103,12.0
2010-03-28 06:00,7.7,2,1,3,17,87,84,0.0,1027,3,10,146,12,3,88.14,1370.2973944048322,4.0
2010-03-28 07:00,7.7,2,1,4,21,91,84,0.0,1027,4,10,148,14,3,76.8,1370.2973944048322,9.0
2010-03-28 08:00,7.7,2,2,4,25,96,83,0.0,1027,4,10,149,17,3,65.73,1370.2973944048322,143.0
2010-03-28 09:00,7.7,2,2,5,29,100,83,0.0,1027,5,10,150,19,3,55.38,1370.2973944048322,147.0
2010-03-28 10:00,7.7,2,3,5,28,100,83,0.0,1026,5,10,143,19,3,46.46,1370.2973944048322,149.0
2010-03-28 11:00,7.7,2,3,6,28,100,83,0.0,1025,6,10,135,19,3,40.09,1370.2973944048322,146.0
2010-03-28 12:00,7.7,2,4,6,28,100,83,0.0,1024,6,10,128,19,3,37.67,1370.2973944048322,179.0
2010-03-28 13:00,7.7,2,4,7,31,100,86,0.0,1023,7,10,131,20,3,39.96,1370.2973944048322,73.0
2010-03-28 14:00,7.7,2,5,7,34,100,89,0.0,1022,7,10,135,21,3,46.24,1370.2973944048322,86.0
2010-03-28 15:00,7.7,2,6,7,37,100,92,0.1,1021,7,10,139,21,3,55.1,1370.2973944048322,120.0
2010-03-28 16:00,7.7,2,6,7,36,85,91,0.0,1020,7,10,137,21,3,65.41,1370.2973944048322,74.0
2010-03-28 17:00,7.7,2,6,7,35,69,91,0.0,1019,7,10,135,20,3,76.46000000000002,1370.2973944048322,162.0
2010-03-28 18:00,7.7,2,6,7,35,54,90,0.0,1018,7,10,134,20,3,87.78,1370.2973944048322,13.0
2010-03-29 06:00,6.4,2,8,9,34,100,94,0.0,1008,9,10,176,19,3,87.83,1369.5224713404284,0.0
2010-03-29 07:00,6.4,2,9,10,33,100,95,0.0,1008,10,10,185,19,3,76.49,1369.5224713404284,9.0
2010-03-29 08:00,6.4,2,10,10,32,100,96,0.0,1008,10,10,194,19,3,65.41,1369.5224713404284,12.0
2010-03-29 09:00,6.4,2,10,11,31,100,97,0.0,1008,10,10,204,18,3,55.04,1369.5224713404284,20.0
2010-03-29 10:00,6.4,2,10,10,22,100,96,0.0,1008,10,7,150,13,3,46.09,1369.5224713404284,26.0
2010-03-29 11:00,6.4,2,10,10,12,100,95,0.0,1008,10,5,97,7,3,39.69,1369.5224713404284,55.0
2010-03-29 12:00,6.4,2,9,10,2,100,95,0.0,1007,10,2,44,1,3,37.28,1369.5224713404284,62.0
2010-03-29 13:00,6.4,2,9,10,5,100,95,0.0,1008,10,1,44,3,3,39.61,1369.5224713404284,69.0
2010-03-29 14:00,6.4,2,9,10,7,100,96,0.0,1008,9,1,44,5,3,45.95,1369.5224713404284,47.0
2010-03-29 15:00,6.4,2,9,10,10,100,97,0.0,1008,9,0,44,6,3,54.86,1369.5224713404284,36.0
2010-03-29 16:00,6.4,2,9,10,10,100,98,0.0,1007,9,0,43,6,3,65.2,1369.5224713404284,20.0
2010-03-29 17:00,6.4,2,9,9,10,100,98,0.0,1007,9,0,41,6,3,76.26,1369.5224713404284,6.0
2010-03-29 18:00,6.4,2,9,9,10,100,99,0.0,1006,9,0,40,5,3,87.58,1369.5224713404284,0.0
2010-03-30 06:00,6.4,2,5,5,56,100,95,0.0,1000,5,10,10,36,3,87.52,1368.746800813327,0.0
2010-03-30 07:00,6.4,2,5,6,57,100,96,0.0,999,6,10,13,36,3,76.18,1368.746800813327,4.0
2010-03-30 08:00,6.4,2,5,6,57,100,96,0.0,998,6,10,17,36,3,65.08,1368.746800813327,7.0
2010-03-30 09:00,6.4,2,6,6,58,100,96,0.0,997,6,10,21,36,3,54.69,1368.746800813327,13.0
2010-03-30 10:00,6.4,2,5,6,52,100,95,0.0,997,6,10,130,33,3,45.72,1368.746800813327,38.0
2010-03-30 11:00,6.4,2,5,6,47,100,94,0.0,996,6,10,239,30,3,39.3,1368.746800813327,56.0
2010-03-30 12:00,6.4,2,5,6,41,100,93,0.0,995,6,10,348,27,3,36.89,1368.746800813327,163.0
2010-03-30 13:00,6.4,2,5,6,42,100,94,0.0,994,6,7,350,28,3,39.26,1368.746800813327,75.0
2010-03-30 14:00,6.4,2,5,6,43,100,94,0.1,994,6,5,352,28,3,45.66,1368.746800813327,43.0
2010-03-30 15:00,6.4,2,6,6,45,100,95,0.2,994,6,2,354,28,3,54.61,1368.746800813327,113.0
2010-03-30 16:00,6.4,2,6,6,42,100,95,0.1,995,6,5,349,26,3,64.98,1368.746800813327,47.0
2010-03-30 17:00,6.4,2,5,6,39,100,95,0.0,995,6,7,345,24,3,76.06,1368.746800813327,176.0
2010-03-30 18:00,6.4,2,5,6,35,100,94,0.0,996,6,10,340,21,3,87.38,1368.746800813327,19.0
2010-03-31 06:00,6.4,2,6,7,30,100,92,0.0,1005,7,10,337,18,3,87.21000000000002,1367.9706126714455,23.0
2010-03-31 07:00,6.4,2,7,8,31,100,91,0.0,1006,8,10,338,19,3,75.86,1367.9706126714455,16.0
2010-03-31 08:00,6.4,2,7,9,32,100,90,0.0,1007,9,10,339,20,3,64.76,1367.9706126714455,222.0
2010-03-31 09:00,6.4,2,7,9,33,100,89,0.0,1008,9,10,340,22,3,54.35,1367.9706126714455,287.0
2010-03-31 10:00,6.4,2,8,10,30,94,88,0.0,1009,10,10,341,20,3,45.35,1367.9706126714455,80.0
2010-03-31 11:00,6.4,2,8,10,27,89,87,0.0,1009,10,10,342,18,3,38.91,1367.9706126714455,127.0
2010-03-31 12:00,6.4,2,9,11,24,83,86,0.0,1010,11,10,342,16,3,36.5,1367.9706126714455,275.0
2010-03-31 13:00,6.4,2,9,11,23,88,85,0.0,1010,11,10,346,15,3,38.92,1367.9706126714455,415.0
2010-03-31 14:00,6.4,2,9,12,21,93,84,0.0,1011,12,10,350,13,3,45.37,1367.9706126714455,413.0
2010-03-31 15:00,6.4,2,10,13,19,97,83,0.0,1011,12,10,354,12,3,54.37000000000001,1367.9706126714455,204.0
2010-03-31 16:00,6.4,2,9,12,18,92,85,0.0,1012,12,10,350,11,3,64.77,1367.9706126714455,183.0
2010-03-31 17:00,6.4,2,9,11,17,87,87,0.0,1013,11,10,346,9,3,75.86,1367.9706126714455,98.0
2010-03-31 18:00,6.4,2,9,10,16,82,89,0.0,1014,10,10,342,8,3,87.18,1367.9706126714455,25.0
2010-04-01 06:00,11.6,3,9,10,9,8,97,0.0,1020,8,2,3,7,4,86.9,1367.1941369160818,28.0
2010-04-01 07:00,11.6,3,9,11,7,16,89,0.0,1020,10,5,13,6,4,75.55,1367.1941369160818,82.0
2010-04-01 08:00,11.6,3,9,12,6,24,81,0.0,1020,11,7,23,5,4,64.44,1367.1941369160818,281.0
2010-04-01 09:00,11.6,3,9,13,5,32,74,0.0,1020,12,10,34,4,4,54.01,1367.1941369160818,583.0
2010-04-01 10:00,11.6,3,9,14,7,23,70,0.0,1019,14,10,95,6,4,44.98,1367.1941369160818,728.0
2010-04-01 11:00,11.6,3,9,16,9,13,67,0.0,1019,15,10,156,8,4,38.52,1367.1941369160818,819.0
2010-04-01 12:00,11.6,3,10,17,11,3,63,0.0,1019,16,10,217,9,4,36.12,1367.1941369160818,851.0
2010-04-01 13:00,11.6,3,11,17,12,5,66,0.0,1018,16,10,196,9,4,38.58,1367.1941369160818,819.0
2010-04-01 14:00,11.6,3,11,17,12,7,69,0.0,1018,16,10,176,10,4,45.08,1367.1941369160818,725.0
2010-04-01 15:00,11.6,3,12,17,13,9,71,0.0,1018,16,10,156,10,4,54.13,1367.1941369160818,581.0
2010-04-01 16:00,11.6,3,11,15,16,13,78,0.0,1018,14,10,164,10,4,64.56,1367.1941369160818,399.0
2010-04-01 17:00,11.6,3,11,13,18,18,85,0.0,1018,13,10,171,10,4,75.66,1367.1941369160818,200.0
2010-04-01 18:00,11.6,3,10,11,20,22,92,0.0,1018,11,10,179,10,4,86.99,1367.1941369160818,27.0
2010-04-02 06:00,11.6,3,7,9,2,42,88,0.0,1022,9,10,264,1,4,86.59,1366.4176036337603,28.0
2010-04-02 07:00,11.6,3,8,11,6,35,84,0.0,1022,10,10,229,4,4,75.25,1366.4176036337603,201.0
2010-04-02 08:00,11.6,3,9,13,9,28,80,0.0,1022,12,10,194,7,4,64.12,1366.4176036337603,399.0
2010-04-02 09:00,11.6,3,10,14,12,21,76,0.0,1023,14,10,158,10,4,53.68,1366.4176036337603,581.0
2010-04-02 10:00,11.6,3,11,15,11,20,74,0.0,1022,15,10,159,9,4,44.62,1366.4176036337603,727.0
2010-04-02 11:00,11.6,3,11,16,11,18,72,0.0,1022,15,10,161,9,4,38.13,1366.4176036337603,817.0
2010-04-02 12:00,11.6,3,11,17,10,16,70,0.0,1022,16,10,162,9,4,35.73000000000001,1366.4176036337603,847.0
2010-04-02 13:00,11.6,3,11,16,14,13,72,0.0,1022,16,10,164,11,4,38.23,1366.4176036337603,812.0
2010-04-02 14:00,11.6,3,11,16,18,10,74,0.0,1022,16,10,166,13,4,44.8,1366.4176036337603,719.0
2010-04-02 15:00,11.6,3,11,15,22,7,76,0.0,1021,15,10,168,15,4,53.89,1366.4176036337603,576.0
2010-04-02 16:00,11.6,3,11,14,20,5,81,0.0,1021,13,10,166,13,4,64.35,1366.4176036337603,396.0
2010-04-02 17:00,11.6,3,11,13,17,4,85,0.0,1021,12,10,165,11,4,75.47,1366.4176036337603,199.0
2010-04-02 18:00,11.6,3,10,12,15,2,89,0.0,1022,10,10,163,10,4,86.79,1366.4176036337603,28.0
2010-04-03 06:00,11.6,3,11,13,3,2,88,0.0,1022,8,10,179,3,4,86.29,1365.6412429280513,23.0
2010-04-03 07:00,11.6,3,11,14,7,1,84,0.0,1022,10,10,177,6,4,74.94,1365.6412429280513,204.0
2010-04-03 08:00,11.6,3,11,14,11,1,79,0.0,1021,12,10,175,9,4,63.81,1365.6412429280513,401.0
2010-04-03 09:00,11.6,3,10,15,15,1,75,0.0,1021,13,10,173,13,4,53.34,1365.6412429280513,583.0
2010-04-03 10:00,11.6,3,10,15,14,3,73,0.0,1021,14,10,172,12,4,44.26,1365.6412429280513,708.0
2010-04-03 11:00,11.6,3,10,15,13,6,72,0.0,1020,14,10,171,11,4,37.74,1365.6412429280513,794.0
2010-04-03 12:00,11.6,3,10,15,12,9,70,0.0,1020,14,10,170,10,4,35.35,1365.6412429280513,705.0
2010-04-03 13:00,11.6,3,10,15,17,19,72,0.0,1020,14,10,169,13,4,37.9,1365.6412429280513,702.0
2010-04-03 14:00,11.6,3,10,15,23,29,74,0.0,1019,14,10,168,16,4,44.51,1365.6412429280513,628.0
2010-04-03 15:00,11.6,3,10,15,28,38,76,0.0,1019,15,10,168,19,4,53.65,1365.6412429280513,504.0
2010-04-03 16:00,11.6,3,9,13,25,31,79,0.0,1019,12,10,164,17,4,64.14,1365.6412429280513,275.0
